E [keV],Entries
0.2,2
0.6,3
1,30
1.4,0
1.8,2
2.2,6
2.6,8
3,107
3.4,16
3.8,12
4.2,29
4.6,29
5,12
5.4,21
5.8,9
6.2,19
6.6,3
7,7
7.4,8
7.8,142
8.2,367
8.6,7
9,76
9.4,3
9.8,6
10.2,3
10.6,16
11,9
11.4,1
11.8,4
12.2,8
12.6,15
13,0
13.4,3
13.8,6
14.2,2
14.6,2
15,1
15.4,8
15.8,0
16.2,0
16.6,1
17,2
17.4,6
17.8,3
18.2,1
18.6,0
19,1
19.4,5
19.8,6
20.2,3
20.6,2
21,2
21.4,3
21.8,5
22.2,3
22.6,3
23,5
23.4,1
23.8,28
24.2,28
24.6,6
25,5
25.4,4
25.8,3
26.2,4
26.6,1
27,6
27.4,14
27.8,5
28.2,6
28.6,1
29,4
29.4,53
29.8,83
30.2,5
30.6,1
31,1
31.4,3
31.8,1
32.2,5
32.6,4
33,2
33.4,7
33.8,22
34.2,7
34.6,7
35,3
35.4,3
35.8,3
36.2,6
36.6,4
37,1
37.4,3
37.8,1
38.2,3
38.6,5
39,1
39.4,3
39.8,3
40.2,1
40.6,6
41,1
41.4,2
41.8,4
42.2,0
42.6,0
43,2
43.4,3
43.8,2
44.2,1
44.6,2
45,2
45.4,2
45.8,3
46.2,4
46.6,1
47,0
47.4,2
47.8,2
48.2,1
48.6,1
49,1
49.4,0
49.8,2
50.2,0
50.6,1
51,2
51.4,0
51.8,3
52.2,1
52.6,0
53,3
53.4,0
53.8,1
54.2,2
54.6,1
55,3
55.4,2
55.8,0
56.2,0
56.6,2
57,2
57.4,0
57.8,3
58.2,0
58.6,0
59,0
59.4,1
59.8,0
60.2,1
60.6,3
61,1
61.4,1
61.8,1
62.2,2
62.6,0
63,1
63.4,0
63.8,1
64.2,0
64.6,1
65,0
65.4,1
65.8,1
66.2,0
66.6,2
67,2
67.4,0
67.8,0
68.2,1
68.6,1
69,1
69.4,0
69.8,0
70.2,4
70.6,1
71,1
71.4,0
71.8,1
72.2,2
72.6,0
73,12
73.4,0
73.8,0
74.2,0
74.6,0
75,0
75.4,23
75.8,2
76.2,0
76.6,1
77,0
77.4,2
77.8,0
78.2,0
78.6,1
79,0
79.4,3
79.8,3
80.2,1
80.6,1
81,1
81.4,2
81.8,2
82.2,1
82.6,1
83,1
83.4,0
83.8,1
84.2,2
84.6,4
85,1
85.4,9
85.8,0
86.2,1
86.6,1
87,1
87.4,0
87.8,0
88.2,2
88.6,1
89,0
89.4,0
89.8,0
90.2,0
90.6,0
91,0
91.4,0
91.8,0
92.2,1
92.6,1
93,0
93.4,1
93.8,0
94.2,1
94.6,0
95,2
95.4,2
95.8,0
96.2,2
96.6,1
97,0
97.4,0
97.8,0
98.2,0
98.6,0
99,0
99.4,0
99.8,2
100.2,2
100.6,1
101,1
101.4,2
101.8,2
102.2,1
102.6,1
103,0
103.4,0
103.8,0
104.2,0
104.6,0
105,0
105.4,1
105.8,1
106.2,1
106.6,0
107,0
107.4,0
107.8,1
108.2,0
108.6,0
109,0
109.4,1
109.8,0
110.2,0
110.6,1
111,0
111.4,1
111.8,0
112.2,1
112.6,1
113,1
113.4,0
113.8,1
114.2,1
114.6,0
115,0
115.4,0
115.8,0
116.2,1
116.6,1
117,0
117.4,0
117.8,0
118.2,1
118.6,0
119,5
119.4,0
119.8,0
120.2,1
120.6,2
121,0
121.4,1
121.8,0
122.2,1
122.6,0
123,0
123.4,0
123.8,4
124.2,1
124.6,0
125,0
125.4,0
125.8,0
126.2,1
126.6,0
127,0
127.4,0
127.8,1
128.2,0
128.6,1
129,1
129.4,0
129.8,0
130.2,1
130.6,0
131,2
131.4,0
131.8,2
132.2,1
132.6,0
133,1
133.4,0
133.8,0
134.2,0
134.6,0
135,0
135.4,0
135.8,1
136.2,0
136.6,0
137,0
137.4,0
137.8,0
138.2,2
138.6,0
139,1
139.4,0
139.8,0
140.2,0
140.6,0
141,0
141.4,0
141.8,1
142.2,0
142.6,1
143,1
143.4,0
143.8,0
144.2,0
144.6,0
145,0
145.4,2
145.8,0
146.2,0
146.6,0
147,1
147.4,0
147.8,1
148.2,0
148.6,1
149,0
149.4,0
149.8,0
150.2,1
150.6,0
151,0
151.4,1
151.8,1
152.2,0
152.6,0
153,0
153.4,0
153.8,0
154.2,0
154.6,1
155,0
155.4,0
155.8,0
156.2,1
156.6,1
157,0
157.4,1
157.8,0
158.2,0
158.6,0
159,0
159.4,0
159.8,0
160.2,0
160.6,0
161,0
161.4,1
161.8,3
162.2,0
162.6,0
163,0
163.4,0
163.8,2
164.2,0
164.6,0
165,0
165.4,0
165.8,1
166.2,0
166.6,1
167,0
167.4,0
167.8,0
168.2,1
168.6,0
169,0
169.4,0
169.8,1
170.2,0
170.6,0
171,2
171.4,0
171.8,0
172.2,0
172.6,0
173,0
173.4,1
173.8,0
174.2,0
174.6,0
175,0
175.4,1
175.8,1
176.2,0
176.6,1
177,0
177.4,0
177.8,0
178.2,0
178.6,1
179,0
179.4,0
179.8,0
180.2,0
180.6,0
181,0
181.4,0
181.8,0
182.2,0
182.6,1
183,0
183.4,0
183.8,0
184.2,0
184.6,2
185,0
185.4,0
185.8,1
186.2,0
186.6,0
187,1
187.4,0
187.8,0
188.2,0
188.6,0
189,0
189.4,0
189.8,1
190.2,0
190.6,0
191,0
191.4,1
191.8,0
192.2,1
192.6,0
193,1
193.4,0
193.8,0
194.2,0
194.6,0
195,0
195.4,0
195.8,1
196.2,0
196.6,1
197,0
197.4,0
197.8,0
198.2,0
198.6,0
199,0
199.4,0
199.8,0
200.2,0
200.6,0
201,1
201.4,0
201.8,0
202.2,0
202.6,0
203,0
203.4,0
203.8,0
204.2,0
204.6,1
205,0
205.4,0
205.8,0
206.2,1
206.6,1
207,0
207.4,0
207.8,0
208.2,1
208.6,1
209,0
209.4,0
209.8,0
210.2,0
210.6,0
211,0
211.4,0
211.8,0
212.2,0
212.6,0
213,0
213.4,0
213.8,0
214.2,0
214.6,0
215,1
215.4,1
215.8,0
216.2,0
216.6,0
217,0
217.4,0
217.8,0
218.2,0
218.6,0
219,0
219.4,0
219.8,0
220.2,0
220.6,1
221,0
221.4,0
221.8,0
222.2,0
222.6,0
223,0
223.4,0
223.8,0
224.2,0
224.6,0
225,0
225.4,0
225.8,2
226.2,0
226.6,0
227,0
227.4,0
227.8,0
228.2,1
228.6,0
229,0
229.4,0
229.8,0
230.2,0
230.6,0
231,1
231.4,0
231.8,0
232.2,0
232.6,1
233,0
233.4,0
233.8,0
234.2,0
234.6,1
235,0
235.4,0
235.8,0
236.2,0
236.6,0
237,0
237.4,0
237.8,0
238.2,0
238.6,0
239,0
239.4,0
239.8,1
240.2,0
240.6,0
241,0
241.4,0
241.8,0
242.2,0
242.6,0
243,1
243.4,0
243.8,0
244.2,1
244.6,0
245,1
245.4,0
245.8,0
246.2,0
246.6,0
247,1
247.4,0
247.8,0
248.2,0
248.6,0
249,0
249.4,0
249.8,1
250.2,0
250.6,0
251,1
251.4,1
251.8,0
252.2,0
252.6,0
253,1
253.4,0
253.8,0
254.2,0
254.6,0
255,0
255.4,0
255.8,0
256.2,0
256.6,0
257,0
257.4,0
257.8,0
258.2,1
258.6,0
259,1
259.4,0
259.8,0
260.2,1
260.6,0
261,0
261.4,0
261.8,0
262.2,0
262.6,0
263,0
263.4,1
263.8,0
264.2,0
264.6,0
265,0
265.4,0
265.8,0
266.2,0
266.6,0
267,0
267.4,0
267.8,0
268.2,0
268.6,0
269,0
269.4,0
269.8,0
270.2,0
270.6,0
271,0
271.4,1
271.8,0
272.2,0
272.6,0
273,0
273.4,0
273.8,0
274.2,0
274.6,0
275,0
275.4,0
275.8,0
276.2,0
276.6,0
277,0
277.4,0
277.8,0
278.2,0
278.6,2
279,0
279.4,0
279.8,0
280.2,0
280.6,0
281,0
281.4,0
281.8,1
282.2,0
282.6,0
283,0
283.4,0
283.8,0
284.2,1
284.6,1
285,0
285.4,0
285.8,0
286.2,0
286.6,0
287,0
287.4,0
287.8,0
288.2,1
288.6,0
289,0
289.4,0
289.8,0
290.2,0
290.6,0
291,0
291.4,0
291.8,0
292.2,0
292.6,0
293,0
293.4,0
293.8,0
294.2,0
294.6,0
295,0
295.4,0
295.8,0
296.2,0
296.6,0
297,0
297.4,0
297.8,0
298.2,0
298.6,0
299,0
299.4,0
299.8,0
300.2,0
300.6,0
301,0
301.4,0
301.8,0
302.2,0
302.6,0
303,0
303.4,0
303.8,0
304.2,0
304.6,0
305,0
305.4,0
305.8,0
306.2,0
306.6,0
307,0
307.4,0
307.8,0
308.2,0
308.6,0
309,0
309.4,0
309.8,0
310.2,0
310.6,0
311,0
311.4,0
311.8,0
312.2,0
312.6,0
313,0
313.4,0
313.8,1
314.2,0
314.6,0
315,0
315.4,0
315.8,0
316.2,0
316.6,1
317,0
317.4,0
317.8,0
318.2,0
318.6,0
319,0
319.4,0
319.8,0
320.2,0
320.6,0
321,0
321.4,1
321.8,0
322.2,0
322.6,0
323,0
323.4,0
323.8,0
324.2,0
324.6,0
325,0
325.4,0
325.8,0
326.2,0
326.6,0
327,0
327.4,0
327.8,0
328.2,0
328.6,0
329,0
329.4,0
329.8,0
330.2,0
330.6,0
331,0
331.4,0
331.8,1
332.2,0
332.6,0
333,0
333.4,0
333.8,0
334.2,0
334.6,0
335,0
335.4,0
335.8,0
336.2,0
336.6,0
337,1
337.4,0
337.8,0
338.2,0
338.6,0
339,0
339.4,0
339.8,0
340.2,0
340.6,0
341,0
341.4,0
341.8,0
342.2,0
342.6,0
343,0
343.4,0
343.8,0
344.2,0
344.6,0
345,0
345.4,0
345.8,0
346.2,0
346.6,0
347,0
347.4,1
347.8,0
348.2,0
348.6,0
349,0
349.4,0
349.8,0
350.2,1
350.6,0
351,0
351.4,0
351.8,0
352.2,0
352.6,0
353,0
353.4,0
353.8,0
354.2,0
354.6,0
355,0
355.4,0
355.8,0
356.2,0
356.6,0
357,0
357.4,0
357.8,0
358.2,0
358.6,0
359,0
359.4,0
359.8,0
360.2,0
360.6,0
361,0
361.4,0
361.8,0
362.2,0
362.6,0
363,0
363.4,0
363.8,0
364.2,0
364.6,0
365,0
365.4,0
365.8,0
366.2,0
366.6,0
367,0
367.4,0
367.8,0
368.2,0
368.6,0
369,0
369.4,0
369.8,0
370.2,1
370.6,0
371,0
371.4,0
371.8,0
372.2,0
372.6,0
373,0
373.4,0
373.8,0
374.2,0
374.6,0
375,0
375.4,0
375.8,0
376.2,0
376.6,0
377,0
377.4,0
377.8,0
378.2,0
378.6,0
379,0
379.4,0
379.8,0
380.2,0
380.6,0
381,0
381.4,0
381.8,0
382.2,0
382.6,0
383,0
383.4,0
383.8,1
384.2,0
384.6,0
385,0
385.4,0
385.8,0
386.2,0
386.6,0
387,0
387.4,1
387.8,0
388.2,0
388.6,0
389,0
389.4,0
389.8,0
390.2,0
390.6,0
391,0
391.4,0
391.8,0
392.2,0
392.6,0
393,0
393.4,0
393.8,0
394.2,0
394.6,0
395,0
395.4,0
395.8,0
396.2,0
396.6,0
397,0
397.4,0
397.8,1
398.2,0
398.6,0
399,0
399.4,0
399.8,0
400.2,0
400.6,0
401,0
401.4,0
401.8,0
402.2,0
402.6,0
403,0
403.4,0
403.8,1
404.2,0
404.6,0
405,0
405.4,0
405.8,0
406.2,0
406.6,0
407,0
407.4,0
407.8,0
408.2,0
408.6,0
409,0
409.4,0
409.8,0
410.2,0
410.6,0
411,0
411.4,0
411.8,0
412.2,0
412.6,0
413,0
413.4,0
413.8,0
414.2,0
414.6,0
415,0
415.4,0
415.8,0
416.2,0
416.6,0
417,0
417.4,0
417.8,0
418.2,0
418.6,0
419,0
419.4,0
419.8,0
420.2,0
420.6,1
421,0
421.4,0
421.8,0
422.2,0
422.6,0
423,0
423.4,0
423.8,0
424.2,0
424.6,0
425,0
425.4,0
425.8,0
426.2,0
426.6,0
427,0
427.4,0
427.8,0
428.2,0
428.6,0
429,0
429.4,0
429.8,0
430.2,0
430.6,0
431,0
431.4,0
431.8,0
432.2,0
432.6,0
433,0
433.4,0
433.8,0
434.2,0
434.6,0
435,0
435.4,0
435.8,0
436.2,0
436.6,0
437,0
437.4,0
437.8,0
438.2,0
438.6,1
439,0
439.4,0
439.8,0
440.2,0
440.6,0
441,0
441.4,0
441.8,0
442.2,0
442.6,0
443,0
443.4,0
443.8,0
444.2,0
444.6,0
445,0
445.4,0
445.8,0
446.2,0
446.6,0
447,0
447.4,0
447.8,0
448.2,0
448.6,0
449,0
449.4,0
449.8,0
450.2,0
450.6,0
451,0
451.4,0
451.8,0
452.2,0
452.6,0
453,1
453.4,0
453.8,0
454.2,0
454.6,0
455,0
455.4,0
455.8,0
456.2,0
456.6,0
457,0
457.4,0
457.8,0
458.2,0
458.6,0
459,0
459.4,0
459.8,0
460.2,0
460.6,0
461,0
461.4,0
461.8,0
462.2,0
462.6,0
463,0
463.4,0
463.8,0
464.2,0
464.6,0
465,0
465.4,0
465.8,0
466.2,0
466.6,0
467,0
467.4,0
467.8,0
468.2,0
468.6,0
469,0
469.4,0
469.8,0
470.2,0
470.6,0
471,0
471.4,0
471.8,0
472.2,0
472.6,0
473,0
473.4,0
473.8,0
474.2,0
474.6,0
475,0
475.4,0
475.8,0
476.2,0
476.6,0
477,0
477.4,0
477.8,0
478.2,0
478.6,0
479,0
479.4,0
479.8,0
480.2,0
480.6,0
481,0
481.4,0
481.8,0
482.2,0
482.6,0
483,0
483.4,0
483.8,0
484.2,0
484.6,0
485,0
485.4,0
485.8,0
486.2,0
486.6,0
487,0
487.4,0
487.8,0
488.2,0
488.6,0
489,0
489.4,0
489.8,0
490.2,0
490.6,0
491,0
491.4,0
491.8,0
492.2,0
492.6,0
493,0
493.4,0
493.8,0
494.2,0
494.6,0
495,0
495.4,0
495.8,0
496.2,0
496.6,0
497,0
497.4,0
497.8,0
498.2,0
498.6,0
499,0
499.4,0
499.8,0
500.2,0
500.6,0
501,0
501.4,0
501.8,0
502.2,0
502.6,0
503,0
503.4,0
503.8,0
504.2,0
504.6,0
505,0
505.4,0
505.8,0
506.2,0
506.6,0
507,0
507.4,0
507.8,0
508.2,0
508.6,0
509,0
509.4,0
509.8,0
510.2,0
510.6,0
511,10
511.4,0
511.8,0
512.2,0
512.6,0
513,0
513.4,0
513.8,0
514.2,0
514.6,0
515,0
515.4,0
515.8,0
516.2,0
516.6,0
517,0
517.4,0
517.8,0
518.2,0
518.6,0
519,0
519.4,0
519.8,0
520.2,0
520.6,0
521,0
521.4,0
521.8,0
522.2,0
522.6,0
523,0
523.4,0
523.8,0
524.2,0
524.6,0
525,0
525.4,0
525.8,0
526.2,0
526.6,0
527,0
527.4,0
527.8,0
528.2,0
528.6,0
529,0
529.4,0
529.8,0
530.2,0
530.6,0
531,0
531.4,0
531.8,0
532.2,0
532.6,0
533,0
533.4,0
533.8,0
534.2,1
534.6,0
535,0
535.4,0
535.8,0
536.2,0
536.6,0
537,0
537.4,0
537.8,0
538.2,0
538.6,0
539,0
539.4,0
539.8,0
540.2,0
540.6,0
541,0
541.4,0
541.8,0
542.2,1
542.6,0
543,0
543.4,0
543.8,0
544.2,0
544.6,0
545,0
545.4,0
545.8,0
546.2,0
546.6,0
547,1
547.4,0
547.8,0
548.2,1
548.6,0
549,0
549.4,0
549.8,0
550.2,0
550.6,0
551,0
551.4,0
551.8,0
552.2,0
552.6,0
553,0
553.4,0
553.8,0
554.2,0
554.6,0
555,0
555.4,0
555.8,0
556.2,0
556.6,0
557,0
557.4,0
557.8,0
558.2,0
558.6,0
559,0
559.4,0
559.8,0
560.2,0
560.6,0
561,0
561.4,0
561.8,0
562.2,0
562.6,0
563,0
563.4,0
563.8,0
564.2,0
564.6,0
565,0
565.4,0
565.8,0
566.2,0
566.6,0
567,0
567.4,0
567.8,0
568.2,0
568.6,0
569,0
569.4,0
569.8,1
570.2,0
570.6,0
571,0
571.4,0
571.8,0
572.2,0
572.6,0
573,0
573.4,0
573.8,0
574.2,0
574.6,0
575,0
575.4,0
575.8,0
576.2,0
576.6,0
577,0
577.4,0
577.8,0
578.2,0
578.6,0
579,0
579.4,0
579.8,0
580.2,0
580.6,0
581,0
581.4,0
581.8,0
582.2,0
582.6,0
583,0
583.4,0
583.8,0
584.2,0
584.6,0
585,0
585.4,0
585.8,0
586.2,0
586.6,0
587,0
587.4,0
587.8,0
588.2,0
588.6,0
589,0
589.4,0
589.8,0
590.2,0
590.6,0
591,0
591.4,0
591.8,0
592.2,0
592.6,0
593,0
593.4,0
593.8,0
594.2,0
594.6,0
595,0
595.4,0
595.8,0
596.2,0
596.6,0
597,0
597.4,1
597.8,0
598.2,0
598.6,0
599,0
599.4,0
599.8,0
600.2,0
600.6,0
601,0
601.4,0
601.8,0
602.2,0
602.6,0
603,0
603.4,0
603.8,0
604.2,0
604.6,0
605,0
605.4,0
605.8,0
606.2,0
606.6,0
607,0
607.4,0
607.8,0
608.2,0
608.6,0
609,0
609.4,0
609.8,0
610.2,0
610.6,0
611,0
611.4,0
611.8,0
612.2,0
612.6,0
613,0
613.4,0
613.8,0
614.2,0
614.6,0
615,0
615.4,0
615.8,0
616.2,0
616.6,0
617,0
617.4,0
617.8,0
618.2,0
618.6,0
619,0
619.4,0
619.8,0
620.2,0
620.6,0
621,0
621.4,0
621.8,0
622.2,0
622.6,0
623,0
623.4,0
623.8,0
624.2,0
624.6,0
625,0
625.4,0
625.8,0
626.2,0
626.6,0
627,0
627.4,0
627.8,0
628.2,0
628.6,0
629,0
629.4,0
629.8,0
630.2,0
630.6,0
631,0
631.4,0
631.8,0
632.2,0
632.6,0
633,0
633.4,0
633.8,0
634.2,0
634.6,0
635,0
635.4,0
635.8,0
636.2,0
636.6,0
637,0
637.4,0
637.8,0
638.2,0
638.6,0
639,0
639.4,0
639.8,0
640.2,0
640.6,0
641,0
641.4,0
641.8,0
642.2,0
642.6,0
643,0
643.4,0
643.8,0
644.2,0
644.6,0
645,0
645.4,0
645.8,0
646.2,0
646.6,0
647,0
647.4,0
647.8,0
648.2,0
648.6,0
649,0
649.4,0
649.8,0
650.2,0
650.6,0
651,0
651.4,0
651.8,0
652.2,0
652.6,0
653,0
653.4,0
653.8,0
654.2,0
654.6,0
655,0
655.4,0
655.8,0
656.2,0
656.6,0
657,0
657.4,0
657.8,1
658.2,0
658.6,0
659,0
659.4,0
659.8,0
660.2,0
660.6,0
661,0
661.4,0
661.8,0
662.2,0
662.6,0
663,0
663.4,0
663.8,0
664.2,0
664.6,0
665,0
665.4,0
665.8,0
666.2,0
666.6,0
667,0
667.4,0
667.8,0
668.2,0
668.6,0
669,0
669.4,0
669.8,0
670.2,0
670.6,0
671,0
671.4,0
671.8,0
672.2,0
672.6,0
673,0
673.4,0
673.8,0
674.2,0
674.6,1
675,0
675.4,0
675.8,0
676.2,0
676.6,0
677,0
677.4,0
677.8,0
678.2,0
678.6,0
679,0
679.4,0
679.8,0
680.2,0
680.6,0
681,0
681.4,0
681.8,0
682.2,0
682.6,0
683,0
683.4,0
683.8,0
684.2,0
684.6,0
685,0
685.4,0
685.8,0
686.2,0
686.6,0
687,0
687.4,0
687.8,0
688.2,0
688.6,0
689,0
689.4,0
689.8,0
690.2,0
690.6,0
691,0
691.4,0
691.8,0
692.2,0
692.6,0
693,0
693.4,0
693.8,0
694.2,0
694.6,0
695,0
695.4,0
695.8,0
696.2,0
696.6,0
697,0
697.4,0
697.8,0
698.2,0
698.6,0
699,0
699.4,0
699.8,0
700.2,0
700.6,0
701,0
701.4,0
701.8,0
702.2,0
702.6,0
703,0
703.4,0
703.8,0
704.2,0
704.6,0
705,0
705.4,0
705.8,0
706.2,0
706.6,0
707,0
707.4,0
707.8,0
708.2,0
708.6,0
709,0
709.4,0
709.8,0
710.2,0
710.6,0
711,0
711.4,0
711.8,0
712.2,0
712.6,0
713,0
713.4,0
713.8,0
714.2,0
714.6,0
715,0
715.4,0
715.8,0
716.2,0
716.6,0
717,0
717.4,0
717.8,0
718.2,0
718.6,0
719,0
719.4,0
719.8,0
720.2,0
720.6,0
721,0
721.4,0
721.8,0
722.2,0
722.6,0
723,0
723.4,0
723.8,0
724.2,0
724.6,0
725,0
725.4,0
725.8,0
726.2,0
726.6,0
727,0
727.4,0
727.8,0
728.2,0
728.6,0
729,0
729.4,0
729.8,0
730.2,0
730.6,0
731,0
731.4,0
731.8,0
732.2,0
732.6,0
733,0
733.4,0
733.8,0
734.2,0
734.6,0
735,0
735.4,0
735.8,0
736.2,0
736.6,0
737,0
737.4,0
737.8,0
738.2,0
738.6,0
739,0
739.4,0
739.8,0
740.2,0
740.6,1
741,0
741.4,0
741.8,0
742.2,0
742.6,0
743,0
743.4,0
743.8,0
744.2,0
744.6,0
745,0
745.4,0
745.8,0
746.2,0
746.6,0
747,0
747.4,0
747.8,0
748.2,0
748.6,0
749,0
749.4,0
749.8,0
750.2,0
750.6,0
751,0
751.4,0
751.8,0
752.2,0
752.6,0
753,0
753.4,0
753.8,0
754.2,0
754.6,0
755,0
755.4,0
755.8,0
756.2,0
756.6,0
757,0
757.4,0
757.8,0
758.2,0
758.6,0
759,0
759.4,0
759.8,0
760.2,0
760.6,0
761,0
761.4,0
761.8,0
762.2,0
762.6,0
763,0
763.4,0
763.8,0
764.2,1
764.6,0
765,0
765.4,0
765.8,0
766.2,0
766.6,0
767,0
767.4,0
767.8,0
768.2,0
768.6,0
769,0
769.4,0
769.8,0
770.2,0
770.6,0
771,0
771.4,0
771.8,0
772.2,0
772.6,0
773,0
773.4,0
773.8,0
774.2,0
774.6,0
775,0
775.4,0
775.8,0
776.2,0
776.6,0
777,0
777.4,0
777.8,0
778.2,0
778.6,0
779,0
779.4,0
779.8,0
780.2,0
780.6,0
781,0
781.4,0
781.8,0
782.2,0
782.6,0
783,0
783.4,0
783.8,0
784.2,0
784.6,0
785,0
785.4,0
785.8,0
786.2,0
786.6,0
787,0
787.4,0
787.8,0
788.2,0
788.6,0
789,0
789.4,0
789.8,0
790.2,0
790.6,0
791,0
791.4,0
791.8,0
792.2,0
792.6,0
793,0
793.4,0
793.8,0
794.2,0
794.6,0
795,0
795.4,0
795.8,0
796.2,0
796.6,0
797,0
797.4,0
797.8,0
798.2,0
798.6,0
799,0
799.4,0
799.8,0
800.2,0
800.6,0
801,0
801.4,0
801.8,0
802.2,0
802.6,0
803,0
803.4,0
803.8,0
804.2,0
804.6,0
805,0
805.4,0
805.8,0
806.2,0
806.6,0
807,0
807.4,0
807.8,0
808.2,0
808.6,0
809,0
809.4,0
809.8,0
810.2,0
810.6,0
811,0
811.4,0
811.8,0
812.2,0
812.6,0
813,0
813.4,0
813.8,0
814.2,0
814.6,0
815,0
815.4,0
815.8,0
816.2,0
816.6,0
817,0
817.4,0
817.8,0
818.2,0
818.6,0
819,0
819.4,0
819.8,0
820.2,0
820.6,0
821,0
821.4,0
821.8,0
822.2,0
822.6,0
823,0
823.4,0
823.8,0
824.2,0
824.6,0
825,0
825.4,0
825.8,0
826.2,0
826.6,0
827,0
827.4,0
827.8,0
828.2,0
828.6,0
829,0
829.4,0
829.8,0
830.2,0
830.6,0
831,0
831.4,0
831.8,0
832.2,0
832.6,0
833,0
833.4,0
833.8,0
834.2,0
834.6,0
835,0
835.4,0
835.8,0
836.2,0
836.6,0
837,0
837.4,0
837.8,0
838.2,0
838.6,0
839,0
839.4,0
839.8,0
840.2,0
840.6,0
841,0
841.4,0
841.8,0
842.2,0
842.6,0
843,0
843.4,0
843.8,0
844.2,0
844.6,0
845,0
845.4,0
845.8,0
846.2,0
846.6,0
847,0
847.4,0
847.8,0
848.2,0
848.6,0
849,0
849.4,0
849.8,0
850.2,0
850.6,0
851,0
851.4,0
851.8,0
852.2,0
852.6,0
853,0
853.4,0
853.8,0
854.2,0
854.6,0
855,0
855.4,0
855.8,0
856.2,0
856.6,0
857,0
857.4,0
857.8,0
858.2,0
858.6,0
859,0
859.4,0
859.8,0
860.2,0
860.6,0
861,0
861.4,0
861.8,0
862.2,0
862.6,0
863,0
863.4,0
863.8,0
864.2,0
864.6,0
865,0
865.4,0
865.8,0
866.2,0
866.6,0
867,0
867.4,0
867.8,0
868.2,0
868.6,0
869,0
869.4,0
869.8,0
870.2,0
870.6,0
871,0
871.4,0
871.8,0
872.2,0
872.6,0
873,0
873.4,0
873.8,0
874.2,0
874.6,0
875,0
875.4,0
875.8,0
876.2,0
876.6,0
877,0
877.4,0
877.8,0
878.2,0
878.6,0
879,0
879.4,0
879.8,0
880.2,0
880.6,0
881,0
881.4,0
881.8,0
882.2,0
882.6,0
883,0
883.4,0
883.8,0
884.2,0
884.6,0
885,0
885.4,0
885.8,0
886.2,0
886.6,0
887,0
887.4,0
887.8,0
888.2,0
888.6,0
889,0
889.4,0
889.8,0
890.2,0
890.6,0
891,0
891.4,0
891.8,0
892.2,0
892.6,0
893,0
893.4,0
893.8,0
894.2,0
894.6,0
895,0
895.4,0
895.8,0
896.2,0
896.6,0
897,0
897.4,0
897.8,0
898.2,0
898.6,0
899,0
899.4,0
899.8,0
900.2,0
900.6,0
901,0
901.4,0
901.8,0
902.2,0
902.6,0
903,0
903.4,0
903.8,0
904.2,0
904.6,0
905,0
905.4,0
905.8,0
906.2,0
906.6,0
907,0
907.4,0
907.8,0
908.2,0
908.6,0
909,0
909.4,0
909.8,0
910.2,0
910.6,0
911,0
911.4,0
911.8,0
912.2,0
912.6,0
913,0
913.4,0
913.8,0
914.2,0
914.6,0
915,0
915.4,0
915.8,0
916.2,0
916.6,0
917,0
917.4,0
917.8,0
918.2,0
918.6,0
919,0
919.4,0
919.8,0
920.2,0
920.6,0
921,0
921.4,0
921.8,0
922.2,0
922.6,0
923,0
923.4,0
923.8,0
924.2,0
924.6,0
925,0
925.4,0
925.8,0
926.2,0
926.6,0
927,0
927.4,0
927.8,0
928.2,0
928.6,0
929,0
929.4,0
929.8,0
930.2,0
930.6,0
931,0
931.4,0
931.8,0
932.2,0
932.6,0
933,0
933.4,0
933.8,0
934.2,0
934.6,0
935,0
935.4,0
935.8,0
936.2,0
936.6,0
937,0
937.4,0
937.8,0
938.2,0
938.6,0
939,0
939.4,0
939.8,0
940.2,0
940.6,0
941,0
941.4,0
941.8,0
942.2,0
942.6,0
943,0
943.4,0
943.8,0
944.2,0
944.6,0
945,0
945.4,0
945.8,0
946.2,0
946.6,0
947,0
947.4,0
947.8,0
948.2,0
948.6,0
949,0
949.4,0
949.8,0
950.2,0
950.6,0
951,0
951.4,0
951.8,0
952.2,0
952.6,0
953,0
953.4,0
953.8,0
954.2,0
954.6,0
955,0
955.4,0
955.8,0
956.2,0
956.6,0
957,0
957.4,0
957.8,0
958.2,0
958.6,0
959,0
959.4,0
959.8,0
960.2,0
960.6,0
961,0
961.4,0
961.8,0
962.2,0
962.6,0
963,0
963.4,0
963.8,0
964.2,0
964.6,0
965,0
965.4,0
965.8,0
966.2,0
966.6,0
967,0
967.4,0
967.8,0
968.2,0
968.6,0
969,0
969.4,0
969.8,0
970.2,0
970.6,0
971,0
971.4,0
971.8,0
972.2,0
972.6,0
973,0
973.4,0
973.8,0
974.2,0
974.6,0
975,0
975.4,0
975.8,0
976.2,0
976.6,0
977,0
977.4,0
977.8,0
978.2,0
978.6,0
979,0
979.4,0
979.8,0
980.2,0
980.6,0
981,0
981.4,0
981.8,0
982.2,0
982.6,0
983,0
983.4,0
983.8,0
984.2,0
984.6,0
985,0
985.4,0
985.8,0
986.2,0
986.6,0
987,0
987.4,0
987.8,0
988.2,0
988.6,0
989,0
989.4,0
989.8,0
990.2,0
990.6,0
991,0
991.4,0
991.8,0
992.2,0
992.6,0
993,0
993.4,0
993.8,0
994.2,0
994.6,0
995,0
995.4,0
995.8,0
996.2,0
996.6,0
997,0
997.4,0
997.8,0
998.2,0
998.6,0
999,0
999.4,0
999.8,0
1000.2,0
1000.6,0
1001,0
1001.4,0
1001.8,0
1002.2,0
1002.6,0
1003,0
1003.4,0
1003.8,0
1004.2,0
1004.6,0
1005,0
1005.4,0
1005.8,0
1006.2,0
1006.6,0
1007,0
1007.4,0
1007.8,0
1008.2,0
1008.6,0
1009,0
1009.4,0
1009.8,0
1010.2,0
1010.6,0
1011,0
1011.4,0
1011.8,0
1012.2,0
1012.6,0
1013,0
1013.4,0
1013.8,0
1014.2,0
1014.6,0
1015,0
1015.4,0
1015.8,0
1016.2,0
1016.6,0
1017,0
1017.4,0
1017.8,0
1018.2,0
1018.6,0
1019,0
1019.4,0
1019.8,0
1020.2,0
1020.6,0
1021,0
1021.4,0
1021.8,0
1022.2,0
1022.6,0
1023,0
1023.4,0
1023.8,0
1024.2,0
1024.6,0
1025,0
1025.4,0
1025.8,0
1026.2,0
1026.6,0
1027,0
1027.4,0
1027.8,0
1028.2,0
1028.6,0
1029,0
1029.4,0
1029.8,0
1030.2,0
1030.6,0
1031,0
1031.4,0
1031.8,0
1032.2,0
1032.6,0
1033,0
1033.4,0
1033.8,0
1034.2,0
1034.6,0
1035,0
1035.4,0
1035.8,0
1036.2,0
1036.6,0
1037,0
1037.4,0
1037.8,0
1038.2,0
1038.6,0
1039,0
1039.4,0
1039.8,0
1040.2,0
1040.6,0
1041,0
1041.4,0
1041.8,0
1042.2,0
1042.6,0
1043,0
1043.4,0
1043.8,0
1044.2,0
1044.6,0
1045,0
1045.4,0
1045.8,0
1046.2,0
1046.6,0
1047,0
1047.4,0
1047.8,0
1048.2,0
1048.6,0
1049,0
1049.4,0
1049.8,0
1050.2,0
1050.6,0
1051,0
1051.4,0
1051.8,0
1052.2,0
1052.6,0
1053,0
1053.4,0
1053.8,0
1054.2,0
1054.6,0
1055,0
1055.4,0
1055.8,0
1056.2,0
1056.6,0
1057,0
1057.4,0
1057.8,0
1058.2,0
1058.6,0
1059,0
1059.4,0
1059.8,0
1060.2,0
1060.6,0
1061,0
1061.4,0
1061.8,0
1062.2,0
1062.6,0
1063,0
1063.4,0
1063.8,0
1064.2,0
1064.6,0
1065,0
1065.4,0
1065.8,0
1066.2,0
1066.6,0
1067,0
1067.4,0
1067.8,0
1068.2,0
1068.6,0
1069,0
1069.4,0
1069.8,0
1070.2,0
1070.6,0
1071,0
1071.4,0
1071.8,0
1072.2,0
1072.6,0
1073,0
1073.4,0
1073.8,0
1074.2,0
1074.6,0
1075,0
1075.4,0
1075.8,0
1076.2,0
1076.6,0
1077,0
1077.4,0
1077.8,0
1078.2,0
1078.6,0
1079,0
1079.4,0
1079.8,0
1080.2,0
1080.6,0
1081,0
1081.4,0
1081.8,0
1082.2,0
1082.6,0
1083,0
1083.4,0
1083.8,0
1084.2,0
1084.6,0
1085,0
1085.4,0
1085.8,0
1086.2,0
1086.6,0
1087,0
1087.4,0
1087.8,0
1088.2,0
1088.6,0
1089,0
1089.4,0
1089.8,0
1090.2,0
1090.6,0
1091,0
1091.4,0
1091.8,0
1092.2,0
1092.6,0
1093,0
1093.4,0
1093.8,0
1094.2,0
1094.6,0
1095,0
1095.4,0
1095.8,0
1096.2,0
1096.6,0
1097,0
1097.4,0
1097.8,0
1098.2,0
1098.6,0
1099,0
1099.4,0
1099.8,0
1100.2,0
1100.6,0
1101,0
1101.4,0
1101.8,0
1102.2,0
1102.6,0
1103,0
1103.4,0
1103.8,0
1104.2,0
1104.6,0
1105,0
1105.4,0
1105.8,0
1106.2,0
1106.6,0
1107,0
1107.4,0
1107.8,0
1108.2,0
1108.6,0
1109,0
1109.4,0
1109.8,0
1110.2,0
1110.6,0
1111,0
1111.4,0
1111.8,0
1112.2,0
1112.6,0
1113,0
1113.4,0
1113.8,0
1114.2,0
1114.6,0
1115,0
1115.4,0
1115.8,0
1116.2,0
1116.6,0
1117,0
1117.4,0
1117.8,0
1118.2,0
1118.6,0
1119,0
1119.4,0
1119.8,0
1120.2,0
1120.6,0
1121,0
1121.4,0
1121.8,0
1122.2,0
1122.6,0
1123,0
1123.4,0
1123.8,0
1124.2,0
1124.6,0
1125,0
1125.4,0
1125.8,0
1126.2,0
1126.6,0
1127,0
1127.4,0
1127.8,0
1128.2,0
1128.6,0
1129,0
1129.4,0
1129.8,0
1130.2,0
1130.6,0
1131,0
1131.4,0
1131.8,0
1132.2,0
1132.6,0
1133,0
1133.4,0
1133.8,0
1134.2,0
1134.6,0
1135,0
1135.4,0
1135.8,0
1136.2,0
1136.6,0
1137,0
1137.4,0
1137.8,0
1138.2,0
1138.6,0
1139,0
1139.4,0
1139.8,0
1140.2,0
1140.6,0
1141,0
1141.4,0
1141.8,0
1142.2,0
1142.6,0
1143,0
1143.4,0
1143.8,0
1144.2,0
1144.6,0
1145,0
1145.4,0
1145.8,0
1146.2,0
1146.6,0
1147,0
1147.4,0
1147.8,0
1148.2,0
1148.6,0
1149,0
1149.4,0
1149.8,0
1150.2,0
1150.6,0
1151,0
1151.4,0
1151.8,0
1152.2,0
1152.6,0
1153,0
1153.4,0
1153.8,0
1154.2,0
1154.6,0
1155,0
1155.4,0
1155.8,0
1156.2,0
1156.6,0
1157,0
1157.4,0
1157.8,0
1158.2,0
1158.6,0
1159,0
1159.4,0
1159.8,0
1160.2,0
1160.6,0
1161,0
1161.4,0
1161.8,0
1162.2,0
1162.6,0
1163,0
1163.4,0
1163.8,0
1164.2,0
1164.6,0
1165,0
1165.4,0
1165.8,0
1166.2,0
1166.6,0
1167,0
1167.4,0
1167.8,0
1168.2,0
1168.6,0
1169,0
1169.4,0
1169.8,0
1170.2,0
1170.6,0
1171,0
1171.4,0
1171.8,0
1172.2,0
1172.6,0
1173,0
1173.4,0
1173.8,0
1174.2,0
1174.6,0
1175,0
1175.4,0
1175.8,0
1176.2,0
1176.6,0
1177,0
1177.4,0
1177.8,0
1178.2,0
1178.6,0
1179,0
1179.4,0
1179.8,0
1180.2,0
1180.6,0
1181,0
1181.4,0
1181.8,0
1182.2,0
1182.6,0
1183,0
1183.4,0
1183.8,0
1184.2,0
1184.6,0
1185,0
1185.4,0
1185.8,0
1186.2,0
1186.6,0
1187,0
1187.4,0
1187.8,0
1188.2,0
1188.6,0
1189,0
1189.4,0
1189.8,0
1190.2,0
1190.6,0
1191,0
1191.4,0
1191.8,0
1192.2,0
1192.6,0
1193,0
1193.4,0
1193.8,0
1194.2,0
1194.6,0
1195,0
1195.4,0
1195.8,0
1196.2,0
1196.6,0
1197,0
1197.4,0
1197.8,0
1198.2,0
1198.6,0
1199,0
1199.4,0
1199.8,0
1200.2,0
1200.6,0
1201,0
1201.4,0
1201.8,0
1202.2,0
1202.6,0
1203,0
1203.4,0
1203.8,0
1204.2,0
1204.6,0
1205,0
1205.4,0
1205.8,0
1206.2,0
1206.6,0
1207,0
1207.4,0
1207.8,0
1208.2,0
1208.6,0
1209,0
1209.4,0
1209.8,0
1210.2,0
1210.6,0
1211,0
1211.4,0
1211.8,0
1212.2,0
1212.6,0
1213,0
1213.4,0
1213.8,0
1214.2,0
1214.6,0
1215,0
1215.4,0
1215.8,0
1216.2,0
1216.6,0
1217,0
1217.4,0
1217.8,0
1218.2,0
1218.6,0
1219,0
1219.4,0
1219.8,0
1220.2,0
1220.6,0
1221,0
1221.4,0
1221.8,0
1222.2,0
1222.6,0
1223,0
1223.4,0
1223.8,0
1224.2,0
1224.6,0
1225,0
1225.4,0
1225.8,0
1226.2,0
1226.6,0
1227,0
1227.4,0
1227.8,0
1228.2,0
1228.6,0
1229,0
1229.4,0
1229.8,0
1230.2,0
1230.6,0
1231,0
1231.4,0
1231.8,0
1232.2,0
1232.6,0
1233,0
1233.4,0
1233.8,0
1234.2,0
1234.6,0
1235,0
1235.4,0
1235.8,0
1236.2,0
1236.6,0
1237,0
1237.4,0
1237.8,0
1238.2,0
1238.6,0
1239,0
1239.4,0
1239.8,0
1240.2,0
1240.6,0
1241,0
1241.4,0
1241.8,0
1242.2,0
1242.6,0
1243,0
1243.4,0
1243.8,0
1244.2,0
1244.6,0
1245,0
1245.4,0
1245.8,0
1246.2,0
1246.6,0
1247,0
1247.4,0
1247.8,0
1248.2,0
1248.6,0
1249,0
1249.4,0
1249.8,0
1250.2,0
1250.6,0
1251,0
1251.4,0
1251.8,0
1252.2,0
1252.6,0
1253,0
1253.4,0
1253.8,0
1254.2,0
1254.6,0
1255,0
1255.4,0
1255.8,0
1256.2,0
1256.6,0
1257,0
1257.4,0
1257.8,0
1258.2,0
1258.6,0
1259,0
1259.4,0
1259.8,0
1260.2,0
1260.6,0
1261,0
1261.4,0
1261.8,0
1262.2,0
1262.6,0
1263,0
1263.4,0
1263.8,0
1264.2,0
1264.6,0
1265,0
1265.4,0
1265.8,0
1266.2,0
1266.6,0
1267,0
1267.4,0
1267.8,0
1268.2,0
1268.6,0
1269,0
1269.4,0
1269.8,0
1270.2,0
1270.6,0
1271,0
1271.4,0
1271.8,0
1272.2,0
1272.6,0
1273,0
1273.4,0
1273.8,0
1274.2,0
1274.6,0
1275,0
1275.4,0
1275.8,0
1276.2,0
1276.6,0
1277,0
1277.4,0
1277.8,0
1278.2,0
1278.6,0
1279,0
1279.4,0
1279.8,0
1280.2,0
1280.6,0
1281,0
1281.4,0
1281.8,0
1282.2,0
1282.6,0
1283,0
1283.4,0
1283.8,0
1284.2,0
1284.6,0
1285,0
1285.4,0
1285.8,0
1286.2,0
1286.6,0
1287,0
1287.4,0
1287.8,0
1288.2,0
1288.6,0
1289,0
1289.4,0
1289.8,0
1290.2,0
1290.6,0
1291,0
1291.4,0
1291.8,0
1292.2,0
1292.6,0
1293,0
1293.4,0
1293.8,0
1294.2,0
1294.6,0
1295,0
1295.4,0
1295.8,0
1296.2,0
1296.6,0
1297,0
1297.4,0
1297.8,0
1298.2,0
1298.6,0
1299,0
1299.4,0
1299.8,0
1300.2,0
1300.6,0
1301,0
1301.4,0
1301.8,0
1302.2,0
1302.6,0
1303,0
1303.4,0
1303.8,0
1304.2,0
1304.6,0
1305,0
1305.4,0
1305.8,0
1306.2,0
1306.6,0
1307,0
1307.4,0
1307.8,0
1308.2,0
1308.6,0
1309,0
1309.4,0
1309.8,0
1310.2,0
1310.6,0
1311,0
1311.4,0
1311.8,0
1312.2,0
1312.6,0
1313,0
1313.4,0
1313.8,0
1314.2,0
1314.6,0
1315,0
1315.4,0
1315.8,0
1316.2,0
1316.6,0
1317,0
1317.4,0
1317.8,0
1318.2,0
1318.6,0
1319,0
1319.4,0
1319.8,0
1320.2,0
1320.6,0
1321,0
1321.4,0
1321.8,0
1322.2,0
1322.6,0
1323,0
1323.4,0
1323.8,0
1324.2,0
1324.6,0
1325,0
1325.4,0
1325.8,0
1326.2,0
1326.6,0
1327,0
1327.4,0
1327.8,0
1328.2,0
1328.6,0
1329,0
1329.4,0
1329.8,0
1330.2,0
1330.6,0
1331,0
1331.4,0
1331.8,0
1332.2,0
1332.6,0
1333,0
1333.4,0
1333.8,0
1334.2,0
1334.6,0
1335,0
1335.4,0
1335.8,0
1336.2,0
1336.6,0
1337,0
1337.4,0
1337.8,0
1338.2,0
1338.6,0
1339,0
1339.4,0
1339.8,0
1340.2,0
1340.6,0
1341,0
1341.4,0
1341.8,0
1342.2,0
1342.6,0
1343,0
1343.4,0
1343.8,0
1344.2,0
1344.6,0
1345,0
1345.4,0
1345.8,0
1346.2,0
1346.6,0
1347,0
1347.4,0
1347.8,0
1348.2,0
1348.6,0
1349,0
1349.4,0
1349.8,0
1350.2,0
1350.6,0
1351,0
1351.4,0
1351.8,0
1352.2,0
1352.6,0
1353,0
1353.4,0
1353.8,0
1354.2,0
1354.6,0
1355,0
1355.4,0
1355.8,0
1356.2,0
1356.6,0
1357,0
1357.4,0
1357.8,0
1358.2,0
1358.6,0
1359,0
1359.4,0
1359.8,0
1360.2,0
1360.6,0
1361,0
1361.4,0
1361.8,0
1362.2,0
1362.6,0
1363,0
1363.4,0
1363.8,0
1364.2,0
1364.6,0
1365,0
1365.4,0
1365.8,0
1366.2,0
1366.6,0
1367,0
1367.4,0
1367.8,0
1368.2,0
1368.6,0
1369,0
1369.4,0
1369.8,0
1370.2,0
1370.6,0
1371,0
1371.4,0
1371.8,0
1372.2,0
1372.6,0
1373,0
1373.4,0
1373.8,0
1374.2,0
1374.6,0
1375,0
1375.4,0
1375.8,0
1376.2,0
1376.6,0
1377,0
1377.4,0
1377.8,0
1378.2,0
1378.6,0
1379,0
1379.4,0
1379.8,0
1380.2,0
1380.6,0
1381,0
1381.4,0
1381.8,0
1382.2,0
1382.6,0
1383,0
1383.4,0
1383.8,0
1384.2,0
1384.6,0
1385,0
1385.4,0
1385.8,0
1386.2,0
1386.6,0
1387,0
1387.4,0
1387.8,0
1388.2,0
1388.6,0
1389,0
1389.4,0
1389.8,0
1390.2,0
1390.6,0
1391,0
1391.4,0
1391.8,0
1392.2,0
1392.6,0
1393,0
1393.4,0
1393.8,0
1394.2,0
1394.6,0
1395,0
1395.4,0
1395.8,0
1396.2,0
1396.6,0
1397,0
1397.4,0
1397.8,0
1398.2,0
1398.6,0
1399,0
1399.4,0
1399.8,0
1400.2,0
1400.6,0
1401,0
1401.4,0
1401.8,0
1402.2,0
1402.6,0
1403,0
1403.4,0
1403.8,0
1404.2,0
1404.6,0
1405,0
1405.4,0
1405.8,0
1406.2,0
1406.6,0
1407,0
1407.4,0
1407.8,0
1408.2,0
1408.6,0
1409,0
1409.4,0
1409.8,0
1410.2,0
1410.6,0
1411,0
1411.4,0
1411.8,0
1412.2,0
1412.6,0
1413,0
1413.4,0
1413.8,0
1414.2,0
1414.6,0
1415,0
1415.4,0
1415.8,0
1416.2,0
1416.6,0
1417,0
1417.4,0
1417.8,0
1418.2,0
1418.6,0
1419,0
1419.4,0
1419.8,0
1420.2,0
1420.6,0
1421,0
1421.4,0
1421.8,0
1422.2,0
1422.6,0
1423,0
1423.4,0
1423.8,0
1424.2,0
1424.6,0
1425,0
1425.4,0
1425.8,0
1426.2,0
1426.6,0
1427,0
1427.4,0
1427.8,0
1428.2,0
1428.6,0
1429,0
1429.4,0
1429.8,0
1430.2,0
1430.6,0
1431,0
1431.4,0
1431.8,0
1432.2,0
1432.6,0
1433,0
1433.4,0
1433.8,0
1434.2,0
1434.6,0
1435,0
1435.4,0
1435.8,0
1436.2,0
1436.6,0
1437,0
1437.4,0
1437.8,0
1438.2,0
1438.6,0
1439,0
1439.4,0
1439.8,0
1440.2,0
1440.6,0
1441,0
1441.4,0
1441.8,0
1442.2,0
1442.6,0
1443,0
1443.4,0
1443.8,0
1444.2,0
1444.6,0
1445,0
1445.4,0
1445.8,0
1446.2,0
1446.6,0
1447,0
1447.4,0
1447.8,0
1448.2,0
1448.6,0
1449,0
1449.4,0
1449.8,0
1450.2,0
1450.6,0
1451,0
1451.4,0
1451.8,0
1452.2,0
1452.6,0
1453,0
1453.4,0
1453.8,0
1454.2,0
1454.6,0
1455,0
1455.4,0
1455.8,0
1456.2,0
1456.6,0
1457,0
1457.4,0
1457.8,0
1458.2,0
1458.6,0
1459,0
1459.4,0
1459.8,0
1460.2,0
1460.6,0
1461,1102
1461.4,0
1461.8,0
1462.2,0
1462.6,0
1463,0
1463.4,0
1463.8,0
1464.2,0
1464.6,0
1465,0
1465.4,0
1465.8,0
1466.2,0
1466.6,0
1467,0
1467.4,0
1467.8,0
1468.2,0
1468.6,0
1469,0
1469.4,0
1469.8,0
1470.2,0
1470.6,0
1471,0
1471.4,0
1471.8,0
1472.2,0
1472.6,0
1473,0
1473.4,0
1473.8,0
1474.2,0
1474.6,0
1475,0
1475.4,0
1475.8,0
1476.2,0
1476.6,0
1477,0
1477.4,0
1477.8,0
1478.2,0
1478.6,0
1479,0
1479.4,0
1479.8,0
1480.2,0
1480.6,0
1481,0
1481.4,0
1481.8,0
1482.2,0
1482.6,0
1483,0
1483.4,0
1483.8,0
1484.2,0
1484.6,0
1485,0
1485.4,0
1485.8,0
1486.2,0
1486.6,0
1487,0
1487.4,0
1487.8,0
1488.2,0
1488.6,0
1489,0
1489.4,0
1489.8,0
1490.2,0
1490.6,0
1491,0
1491.4,0
1491.8,0
1492.2,0
1492.6,0
1493,0
1493.4,0
1493.8,0
1494.2,0
1494.6,0
1495,0
1495.4,0
1495.8,0
1496.2,0
1496.6,0
1497,0
1497.4,0
1497.8,0
1498.2,0
1498.6,0
1499,0
1499.4,0
1499.8,0
1500.2,0
1500.6,0
1501,0
1501.4,0
1501.8,0
1502.2,0
1502.6,0
1503,0
1503.4,0
1503.8,0
1504.2,0
1504.6,0
1505,0
1505.4,0
1505.8,0
1506.2,0
1506.6,0
1507,0
1507.4,0
1507.8,0
1508.2,0
1508.6,0
1509,0
1509.4,0
1509.8,0
1510.2,0
1510.6,0
1511,0
1511.4,0
1511.8,0
1512.2,0
1512.6,0
1513,0
1513.4,0
1513.8,0
1514.2,0
1514.6,0
1515,0
1515.4,0
1515.8,0
1516.2,0
1516.6,0
1517,0
1517.4,0
1517.8,0
1518.2,0
1518.6,0
1519,0
1519.4,0
1519.8,0
1520.2,0
1520.6,0
1521,0
1521.4,0
1521.8,0
1522.2,0
1522.6,0
1523,0
1523.4,0
1523.8,0
1524.2,0
1524.6,0
1525,0
1525.4,0
1525.8,0
1526.2,0
1526.6,0
1527,0
1527.4,0
1527.8,0
1528.2,0
1528.6,0
1529,0
1529.4,0
1529.8,0
1530.2,0
1530.6,0
1531,0
1531.4,0
1531.8,0
1532.2,0
1532.6,0
1533,0
1533.4,0
1533.8,0
1534.2,0
1534.6,0
1535,0
1535.4,0
1535.8,0
1536.2,0
1536.6,0
1537,0
1537.4,0
1537.8,0
1538.2,0
1538.6,0
1539,0
1539.4,0
1539.8,0
1540.2,0
1540.6,0
1541,0
1541.4,0
1541.8,0
1542.2,0
1542.6,0
1543,0
1543.4,0
1543.8,0
1544.2,0
1544.6,0
1545,0
1545.4,0
1545.8,0
1546.2,0
1546.6,0
1547,0
1547.4,0
1547.8,0
1548.2,0
1548.6,0
1549,0
1549.4,0
1549.8,0
1550.2,0
1550.6,0
1551,0
1551.4,0
1551.8,0
1552.2,0
1552.6,0
1553,0
1553.4,0
1553.8,0
1554.2,0
1554.6,0
1555,0
1555.4,0
1555.8,0
1556.2,0
1556.6,0
1557,0
1557.4,0
1557.8,0
1558.2,0
1558.6,0
1559,0
1559.4,0
1559.8,0
1560.2,0
1560.6,0
1561,0
1561.4,0
1561.8,0
1562.2,0
1562.6,0
1563,0
1563.4,0
1563.8,0
1564.2,0
1564.6,0
1565,0
1565.4,0
1565.8,0
1566.2,0
1566.6,0
1567,0
1567.4,0
1567.8,0
1568.2,0
1568.6,0
1569,0
1569.4,0
1569.8,0
1570.2,0
1570.6,0
1571,0
1571.4,0
1571.8,0
1572.2,0
1572.6,0
1573,0
1573.4,0
1573.8,0
1574.2,0
1574.6,0
1575,0
1575.4,0
1575.8,0
1576.2,0
1576.6,0
1577,0
1577.4,0
1577.8,0
1578.2,0
1578.6,0
1579,0
1579.4,0
1579.8,0
1580.2,0
1580.6,0
1581,0
1581.4,0
1581.8,0
1582.2,0
1582.6,0
1583,0
1583.4,0
1583.8,0
1584.2,0
1584.6,0
1585,0
1585.4,0
1585.8,0
1586.2,0
1586.6,0
1587,0
1587.4,0
1587.8,0
1588.2,0
1588.6,0
1589,0
1589.4,0
1589.8,0
1590.2,0
1590.6,0
1591,0
1591.4,0
1591.8,0
1592.2,0
1592.6,0
1593,0
1593.4,0
1593.8,0
1594.2,0
1594.6,0
1595,0
1595.4,0
1595.8,0
1596.2,0
1596.6,0
1597,0
1597.4,0
1597.8,0
1598.2,0
1598.6,0
1599,0
1599.4,0
1599.8,0
1600.2,0
1600.6,0
1601,0
1601.4,0
1601.8,0
1602.2,0
1602.6,0
1603,0
1603.4,0
1603.8,0
1604.2,0
1604.6,0
1605,0
1605.4,0
1605.8,0
1606.2,0
1606.6,0
1607,0
1607.4,0
1607.8,0
1608.2,0
1608.6,0
1609,0
1609.4,0
1609.8,0
1610.2,0
1610.6,0
1611,0
1611.4,0
1611.8,0
1612.2,0
1612.6,0
1613,0
1613.4,0
1613.8,0
1614.2,0
1614.6,0
1615,0
1615.4,0
1615.8,0
1616.2,0
1616.6,0
1617,0
1617.4,0
1617.8,0
1618.2,0
1618.6,0
1619,0
1619.4,0
1619.8,0
1620.2,0
1620.6,0
1621,0
1621.4,0
1621.8,0
1622.2,0
1622.6,0
1623,0
1623.4,0
1623.8,0
1624.2,0
1624.6,0
1625,0
1625.4,0
1625.8,0
1626.2,0
1626.6,0
1627,0
1627.4,0
1627.8,0
1628.2,0
1628.6,0
1629,0
1629.4,0
1629.8,0
1630.2,0
1630.6,0
1631,0
1631.4,0
1631.8,0
1632.2,0
1632.6,0
1633,0
1633.4,0
1633.8,0
1634.2,0
1634.6,0
1635,0
1635.4,0
1635.8,0
1636.2,0
1636.6,0
1637,0
1637.4,0
1637.8,0
1638.2,0
1638.6,0
1639,0
1639.4,0
1639.8,0
1640.2,0
1640.6,0
1641,0
1641.4,0
1641.8,0
1642.2,0
1642.6,0
1643,0
1643.4,0
1643.8,0
1644.2,0
1644.6,0
1645,0
1645.4,0
1645.8,0
1646.2,0
1646.6,0
1647,0
1647.4,0
1647.8,0
1648.2,0
1648.6,0
1649,0
1649.4,0
1649.8,0
1650.2,0
1650.6,0
1651,0
1651.4,0
1651.8,0
1652.2,0
1652.6,0
1653,0
1653.4,0
1653.8,0
1654.2,0
1654.6,0
1655,0
1655.4,0
1655.8,0
1656.2,0
1656.6,0
1657,0
1657.4,0
1657.8,0
1658.2,0
1658.6,0
1659,0
1659.4,0
1659.8,0
1660.2,0
1660.6,0
1661,0
1661.4,0
1661.8,0
1662.2,0
1662.6,0
1663,0
1663.4,0
1663.8,0
1664.2,0
1664.6,0
1665,0
1665.4,0
1665.8,0
1666.2,0
1666.6,0
1667,0
1667.4,0
1667.8,0
1668.2,0
1668.6,0
1669,0
1669.4,0
1669.8,0
1670.2,0
1670.6,0
1671,0
1671.4,0
1671.8,0
1672.2,0
1672.6,0
1673,0
1673.4,0
1673.8,0
1674.2,0
1674.6,0
1675,0
1675.4,0
1675.8,0
1676.2,0
1676.6,0
1677,0
1677.4,0
1677.8,0
1678.2,0
1678.6,0
1679,0
1679.4,0
1679.8,0
1680.2,0
1680.6,0
1681,0
1681.4,0
1681.8,0
1682.2,0
1682.6,0
1683,0
1683.4,0
1683.8,0
1684.2,0
1684.6,0
1685,0
1685.4,0
1685.8,0
1686.2,0
1686.6,0
1687,0
1687.4,0
1687.8,0
1688.2,0
1688.6,0
1689,0
1689.4,0
1689.8,0
1690.2,0
1690.6,0
1691,0
1691.4,0
1691.8,0
1692.2,0
1692.6,0
1693,0
1693.4,0
1693.8,0
1694.2,0
1694.6,0
1695,0
1695.4,0
1695.8,0
1696.2,0
1696.6,0
1697,0
1697.4,0
1697.8,0
1698.2,0
1698.6,0
1699,0
1699.4,0
1699.8,0
1700.2,0
1700.6,0
1701,0
1701.4,0
1701.8,0
1702.2,0
1702.6,0
1703,0
1703.4,0
1703.8,0
1704.2,0
1704.6,0
1705,0
1705.4,0
1705.8,0
1706.2,0
1706.6,0
1707,0
1707.4,0
1707.8,0
1708.2,0
1708.6,0
1709,0
1709.4,0
1709.8,0
1710.2,0
1710.6,0
1711,0
1711.4,0
1711.8,0
1712.2,0
1712.6,0
1713,0
1713.4,0
1713.8,0
1714.2,0
1714.6,0
1715,0
1715.4,0
1715.8,0
1716.2,0
1716.6,0
1717,0
1717.4,0
1717.8,0
1718.2,0
1718.6,0
1719,0
1719.4,0
1719.8,0
1720.2,0
1720.6,0
1721,0
1721.4,0
1721.8,0
1722.2,0
1722.6,0
1723,0
1723.4,0
1723.8,0
1724.2,0
1724.6,0
1725,0
1725.4,0
1725.8,0
1726.2,0
1726.6,0
1727,0
1727.4,0
1727.8,0
1728.2,0
1728.6,0
1729,0
1729.4,0
1729.8,0
1730.2,0
1730.6,0
1731,0
1731.4,0
1731.8,0
1732.2,0
1732.6,0
1733,0
1733.4,0
1733.8,0
1734.2,0
1734.6,0
1735,0
1735.4,0
1735.8,0
1736.2,0
1736.6,0
1737,0
1737.4,0
1737.8,0
1738.2,0
1738.6,0
1739,0
1739.4,0
1739.8,0
1740.2,0
1740.6,0
1741,0
1741.4,0
1741.8,0
1742.2,0
1742.6,0
1743,0
1743.4,0
1743.8,0
1744.2,0
1744.6,0
1745,0
1745.4,0
1745.8,0
1746.2,0
1746.6,0
1747,0
1747.4,0
1747.8,0
1748.2,0
1748.6,0
1749,0
1749.4,0
1749.8,0
1750.2,0
1750.6,0
1751,0
1751.4,0
1751.8,0
1752.2,0
1752.6,0
1753,0
1753.4,0
1753.8,0
1754.2,0
1754.6,0
1755,0
1755.4,0
1755.8,0
1756.2,0
1756.6,0
1757,0
1757.4,0
1757.8,0
1758.2,0
1758.6,0
1759,0
1759.4,0
1759.8,0
1760.2,0
1760.6,0
1761,0
1761.4,0
1761.8,0
1762.2,0
1762.6,0
1763,0
1763.4,0
1763.8,0
1764.2,0
1764.6,0
1765,0
1765.4,0
1765.8,0
1766.2,0
1766.6,0
1767,0
1767.4,0
1767.8,0
1768.2,0
1768.6,0
1769,0
1769.4,0
1769.8,0
1770.2,0
1770.6,0
1771,0
1771.4,0
1771.8,0
1772.2,0
1772.6,0
1773,0
1773.4,0
1773.8,0
1774.2,0
1774.6,0
1775,0
1775.4,0
1775.8,0
1776.2,0
1776.6,0
1777,0
1777.4,0
1777.8,0
1778.2,0
1778.6,0
1779,0
1779.4,0
1779.8,0
1780.2,0
1780.6,0
1781,0
1781.4,0
1781.8,0
1782.2,0
1782.6,0
1783,0
1783.4,0
1783.8,0
1784.2,0
1784.6,0
1785,0
1785.4,0
1785.8,0
1786.2,0
1786.6,0
1787,0
1787.4,0
1787.8,0
1788.2,0
1788.6,0
1789,0
1789.4,0
1789.8,0
1790.2,0
1790.6,0
1791,0
1791.4,0
1791.8,0
1792.2,0
1792.6,0
1793,0
1793.4,0
1793.8,0
1794.2,0
1794.6,0
1795,0
1795.4,0
1795.8,0
1796.2,0
1796.6,0
1797,0
1797.4,0
1797.8,0
1798.2,0
1798.6,0
1799,0
1799.4,0
1799.8,0
1800.2,0
1800.6,0
1801,0
1801.4,0
1801.8,0
1802.2,0
1802.6,0
1803,0
1803.4,0
1803.8,0
1804.2,0
1804.6,0
1805,0
1805.4,0
1805.8,0
1806.2,0
1806.6,0
1807,0
1807.4,0
1807.8,0
1808.2,0
1808.6,0
1809,0
1809.4,0
1809.8,0
1810.2,0
1810.6,0
1811,0
1811.4,0
1811.8,0
1812.2,0
1812.6,0
1813,0
1813.4,0
1813.8,0
1814.2,0
1814.6,0
1815,0
1815.4,0
1815.8,0
1816.2,0
1816.6,0
1817,0
1817.4,0
1817.8,0
1818.2,0
1818.6,0
1819,0
1819.4,0
1819.8,0
1820.2,0
1820.6,0
1821,0
1821.4,0
1821.8,0
1822.2,0
1822.6,0
1823,0
1823.4,0
1823.8,0
1824.2,0
1824.6,0
1825,0
1825.4,0
1825.8,0
1826.2,0
1826.6,0
1827,0
1827.4,0
1827.8,0
1828.2,0
1828.6,0
1829,0
1829.4,0
1829.8,0
1830.2,0
1830.6,0
1831,0
1831.4,0
1831.8,0
1832.2,0
1832.6,0
1833,0
1833.4,0
1833.8,0
1834.2,0
1834.6,0
1835,0
1835.4,0
1835.8,0
1836.2,0
1836.6,0
1837,0
1837.4,0
1837.8,0
1838.2,0
1838.6,0
1839,0
1839.4,0
1839.8,0
1840.2,0
1840.6,0
1841,0
1841.4,0
1841.8,0
1842.2,0
1842.6,0
1843,0
1843.4,0
1843.8,0
1844.2,0
1844.6,0
1845,0
1845.4,0
1845.8,0
1846.2,0
1846.6,0
1847,0
1847.4,0
1847.8,0
1848.2,0
1848.6,0
1849,0
1849.4,0
1849.8,0
1850.2,0
1850.6,0
1851,0
1851.4,0
1851.8,0
1852.2,0
1852.6,0
1853,0
1853.4,0
1853.8,0
1854.2,0
1854.6,0
1855,0
1855.4,0
1855.8,0
1856.2,0
1856.6,0
1857,0
1857.4,0
1857.8,0
1858.2,0
1858.6,0
1859,0
1859.4,0
1859.8,0
1860.2,0
1860.6,0
1861,0
1861.4,0
1861.8,0
1862.2,0
1862.6,0
1863,0
1863.4,0
1863.8,0
1864.2,0
1864.6,0
1865,0
1865.4,0
1865.8,0
1866.2,0
1866.6,0
1867,0
1867.4,0
1867.8,0
1868.2,0
1868.6,0
1869,0
1869.4,0
1869.8,0
1870.2,0
1870.6,0
1871,0
1871.4,0
1871.8,0
1872.2,0
1872.6,0
1873,0
1873.4,0
1873.8,0
1874.2,0
1874.6,0
1875,0
1875.4,0
1875.8,0
1876.2,0
1876.6,0
1877,0
1877.4,0
1877.8,0
1878.2,0
1878.6,0
1879,0
1879.4,0
1879.8,0
1880.2,0
1880.6,0
1881,0
1881.4,0
1881.8,0
1882.2,0
1882.6,0
1883,0
1883.4,0
1883.8,0
1884.2,0
1884.6,0
1885,0
1885.4,0
1885.8,0
1886.2,0
1886.6,0
1887,0
1887.4,0
1887.8,0
1888.2,0
1888.6,0
1889,0
1889.4,0
1889.8,0
1890.2,0
1890.6,0
1891,0
1891.4,0
1891.8,0
1892.2,0
1892.6,0
1893,0
1893.4,0
1893.8,0
1894.2,0
1894.6,0
1895,0
1895.4,0
1895.8,0
1896.2,0
1896.6,0
1897,0
1897.4,0
1897.8,0
1898.2,0
1898.6,0
1899,0
1899.4,0
1899.8,0
1900.2,0
1900.6,0
1901,0
1901.4,0
1901.8,0
1902.2,0
1902.6,0
1903,0
1903.4,0
1903.8,0
1904.2,0
1904.6,0
1905,0
1905.4,0
1905.8,0
1906.2,0
1906.6,0
1907,0
1907.4,0
1907.8,0
1908.2,0
1908.6,0
1909,0
1909.4,0
1909.8,0
1910.2,0
1910.6,0
1911,0
1911.4,0
1911.8,0
1912.2,0
1912.6,0
1913,0
1913.4,0
1913.8,0
1914.2,0
1914.6,0
1915,0
1915.4,0
1915.8,0
1916.2,0
1916.6,0
1917,0
1917.4,0
1917.8,0
1918.2,0
1918.6,0
1919,0
1919.4,0
1919.8,0
1920.2,0
1920.6,0
1921,0
1921.4,0
1921.8,0
1922.2,0
1922.6,0
1923,0
1923.4,0
1923.8,0
1924.2,0
1924.6,0
1925,0
1925.4,0
1925.8,0
1926.2,0
1926.6,0
1927,0
1927.4,0
1927.8,0
1928.2,0
1928.6,0
1929,0
1929.4,0
1929.8,0
1930.2,0
1930.6,0
1931,0
1931.4,0
1931.8,0
1932.2,0
1932.6,0
1933,0
1933.4,0
1933.8,0
1934.2,0
1934.6,0
1935,0
1935.4,0
1935.8,0
1936.2,0
1936.6,0
1937,0
1937.4,0
1937.8,0
1938.2,0
1938.6,0
1939,0
1939.4,0
1939.8,0
1940.2,0
1940.6,0
1941,0
1941.4,0
1941.8,0
1942.2,0
1942.6,0
1943,0
1943.4,0
1943.8,0
1944.2,0
1944.6,0
1945,0
1945.4,0
1945.8,0
1946.2,0
1946.6,0
1947,0
1947.4,0
1947.8,0
1948.2,0
1948.6,0
1949,0
1949.4,0
1949.8,0
1950.2,0
1950.6,0
1951,0
1951.4,0
1951.8,0
1952.2,0
1952.6,0
1953,0
1953.4,0
1953.8,0
1954.2,0
1954.6,0
1955,0
1955.4,0
1955.8,0
1956.2,0
1956.6,0
1957,0
1957.4,0
1957.8,0
1958.2,0
1958.6,0
1959,0
1959.4,0
1959.8,0
1960.2,0
1960.6,0
1961,0
1961.4,0
1961.8,0
1962.2,0
1962.6,0
1963,0
1963.4,0
1963.8,0
1964.2,0
1964.6,0
1965,0
1965.4,0
1965.8,0
1966.2,0
1966.6,0
1967,0
1967.4,0
1967.8,0
1968.2,0
1968.6,0
1969,0
1969.4,0
1969.8,0
1970.2,0
1970.6,0
1971,0
1971.4,0
1971.8,0
1972.2,0
1972.6,0
1973,0
1973.4,0
1973.8,0
1974.2,0
1974.6,0
1975,0
1975.4,0
1975.8,0
1976.2,0
1976.6,0
1977,0
1977.4,0
1977.8,0
1978.2,0
1978.6,0
1979,0
1979.4,0
1979.8,0
1980.2,0
1980.6,0
1981,0
1981.4,0
1981.8,0
1982.2,0
1982.6,0
1983,0
1983.4,0
1983.8,0
1984.2,0
1984.6,0
1985,0
1985.4,0
1985.8,0
1986.2,0
1986.6,0
1987,0
1987.4,0
1987.8,0
1988.2,0
1988.6,0
1989,0
1989.4,0
1989.8,0
1990.2,0
1990.6,0
1991,0
1991.4,0
1991.8,0
1992.2,0
1992.6,0
1993,0
1993.4,0
1993.8,0
1994.2,0
1994.6,0
1995,0
1995.4,0
1995.8,0
1996.2,0
1996.6,0
1997,0
1997.4,0
1997.8,0
1998.2,0
1998.6,0
1999,0
1999.4,0
1999.8,0
2000.2,0
2000.6,0
2001,0
2001.4,0
2001.8,0
2002.2,0
2002.6,0
2003,0
2003.4,0
2003.8,0
2004.2,0
2004.6,0
2005,0
2005.4,0
2005.8,0
2006.2,0
2006.6,0
2007,0
2007.4,0
2007.8,0
2008.2,0
2008.6,0
2009,0
2009.4,0
2009.8,0
2010.2,0
2010.6,0
2011,0
2011.4,0
2011.8,0
2012.2,0
2012.6,0
2013,0
2013.4,0
2013.8,0
2014.2,0
2014.6,0
2015,0
2015.4,0
2015.8,0
2016.2,0
2016.6,0
2017,0
2017.4,0
2017.8,0
2018.2,0
2018.6,0
2019,0
2019.4,0
2019.8,0
2020.2,0
2020.6,0
2021,0
2021.4,0
2021.8,0
2022.2,0
2022.6,0
2023,0
2023.4,0
2023.8,0
2024.2,0
2024.6,0
2025,0
2025.4,0
2025.8,0
2026.2,0
2026.6,0
2027,0
2027.4,0
2027.8,0
2028.2,0
2028.6,0
2029,0
2029.4,0
2029.8,0
2030.2,0
2030.6,0
2031,0
2031.4,0
2031.8,0
2032.2,0
2032.6,0
2033,0
2033.4,0
2033.8,0
2034.2,0
2034.6,0
2035,0
2035.4,0
2035.8,0
2036.2,0
2036.6,0
2037,0
2037.4,0
2037.8,0
2038.2,0
2038.6,0
2039,0
2039.4,0
2039.8,0
2040.2,0
2040.6,0
2041,0
2041.4,0
2041.8,0
2042.2,0
2042.6,0
2043,0
2043.4,0
2043.8,0
2044.2,0
2044.6,0
2045,0
2045.4,0
2045.8,0
2046.2,0
2046.6,0
2047,0
2047.4,0
2047.8,0
2048.2,0
2048.6,0
2049,0
2049.4,0
2049.8,0
2050.2,0
2050.6,0
2051,0
2051.4,0
2051.8,0
2052.2,0
2052.6,0
2053,0
2053.4,0
2053.8,0
2054.2,0
2054.6,0
2055,0
2055.4,0
2055.8,0
2056.2,0
2056.6,0
2057,0
2057.4,0
2057.8,0
2058.2,0
2058.6,0
2059,0
2059.4,0
2059.8,0
2060.2,0
2060.6,0
2061,0
2061.4,0
2061.8,0
2062.2,0
2062.6,0
2063,0
2063.4,0
2063.8,0
2064.2,0
2064.6,0
2065,0
2065.4,0
2065.8,0
2066.2,0
2066.6,0
2067,0
2067.4,0
2067.8,0
2068.2,0
2068.6,0
2069,0
2069.4,0
2069.8,0
2070.2,0
2070.6,0
2071,0
2071.4,0
2071.8,0
2072.2,0
2072.6,0
2073,0
2073.4,0
2073.8,0
2074.2,0
2074.6,0
2075,0
2075.4,0
2075.8,0
2076.2,0
2076.6,0
2077,0
2077.4,0
2077.8,0
2078.2,0
2078.6,0
2079,0
2079.4,0
2079.8,0
2080.2,0
2080.6,0
2081,0
2081.4,0
2081.8,0
2082.2,0
2082.6,0
2083,0
2083.4,0
2083.8,0
2084.2,0
2084.6,0
2085,0
2085.4,0
2085.8,0
2086.2,0
2086.6,0
2087,0
2087.4,0
2087.8,0
2088.2,0
2088.6,0
2089,0
2089.4,0
2089.8,0
2090.2,0
2090.6,0
2091,0
2091.4,0
2091.8,0
2092.2,0
2092.6,0
2093,0
2093.4,0
2093.8,0
2094.2,0
2094.6,0
2095,0
2095.4,0
2095.8,0
2096.2,0
2096.6,0
2097,0
2097.4,0
2097.8,0
2098.2,0
2098.6,0
2099,0
2099.4,0
2099.8,0
2100.2,0
2100.6,0
2101,0
2101.4,0
2101.8,0
2102.2,0
2102.6,0
2103,0
2103.4,0
2103.8,0
2104.2,0
2104.6,0
2105,0
2105.4,0
2105.8,0
2106.2,0
2106.6,0
2107,0
2107.4,0
2107.8,0
2108.2,0
2108.6,0
2109,0
2109.4,0
2109.8,0
2110.2,0
2110.6,0
2111,0
2111.4,0
2111.8,0
2112.2,0
2112.6,0
2113,0
2113.4,0
2113.8,0
2114.2,0
2114.6,0
2115,0
2115.4,0
2115.8,0
2116.2,0
2116.6,0
2117,0
2117.4,0
2117.8,0
2118.2,0
2118.6,0
2119,0
2119.4,0
2119.8,0
2120.2,0
2120.6,0
2121,0
2121.4,0
2121.8,0
2122.2,0
2122.6,0
2123,0
2123.4,0
2123.8,0
2124.2,0
2124.6,0
2125,0
2125.4,0
2125.8,0
2126.2,0
2126.6,0
2127,0
2127.4,0
2127.8,0
2128.2,0
2128.6,0
2129,0
2129.4,0
2129.8,0
2130.2,0
2130.6,0
2131,0
2131.4,0
2131.8,0
2132.2,0
2132.6,0
2133,0
2133.4,0
2133.8,0
2134.2,0
2134.6,0
2135,0
2135.4,0
2135.8,0
2136.2,0
2136.6,0
2137,0
2137.4,0
2137.8,0
2138.2,0
2138.6,0
2139,0
2139.4,0
2139.8,0
2140.2,0
2140.6,0
2141,0
2141.4,0
2141.8,0
2142.2,0
2142.6,0
2143,0
2143.4,0
2143.8,0
2144.2,0
2144.6,0
2145,0
2145.4,0
2145.8,0
2146.2,0
2146.6,0
2147,0
2147.4,0
2147.8,0
2148.2,0
2148.6,0
2149,0
2149.4,0
2149.8,0
2150.2,0
2150.6,0
2151,0
2151.4,0
2151.8,0
2152.2,0
2152.6,0
2153,0
2153.4,0
2153.8,0
2154.2,0
2154.6,0
2155,0
2155.4,0
2155.8,0
2156.2,0
2156.6,0
2157,0
2157.4,0
2157.8,0
2158.2,0
2158.6,0
2159,0
2159.4,0
2159.8,0
2160.2,0
2160.6,0
2161,0
2161.4,0
2161.8,0
2162.2,0
2162.6,0
2163,0
2163.4,0
2163.8,0
2164.2,0
2164.6,0
2165,0
2165.4,0
2165.8,0
2166.2,0
2166.6,0
2167,0
2167.4,0
2167.8,0
2168.2,0
2168.6,0
2169,0
2169.4,0
2169.8,0
2170.2,0
2170.6,0
2171,0
2171.4,0
2171.8,0
2172.2,0
2172.6,0
2173,0
2173.4,0
2173.8,0
2174.2,0
2174.6,0
2175,0
2175.4,0
2175.8,0
2176.2,0
2176.6,0
2177,0
2177.4,0
2177.8,0
2178.2,0
2178.6,0
2179,0
2179.4,0
2179.8,0
2180.2,0
2180.6,0
2181,0
2181.4,0
2181.8,0
2182.2,0
2182.6,0
2183,0
2183.4,0
2183.8,0
2184.2,0
2184.6,0
2185,0
2185.4,0
2185.8,0
2186.2,0
2186.6,0
2187,0
2187.4,0
2187.8,0
2188.2,0
2188.6,0
2189,0
2189.4,0
2189.8,0
2190.2,0
2190.6,0
2191,0
2191.4,0
2191.8,0
2192.2,0
2192.6,0
2193,0
2193.4,0
2193.8,0
2194.2,0
2194.6,0
2195,0
2195.4,0
2195.8,0
2196.2,0
2196.6,0
2197,0
2197.4,0
2197.8,0
2198.2,0
2198.6,0
2199,0
2199.4,0
2199.8,0
2200.2,0
2200.6,0
2201,0
2201.4,0
2201.8,0
2202.2,0
2202.6,0
2203,0
2203.4,0
2203.8,0
2204.2,0
2204.6,0
2205,0
2205.4,0
2205.8,0
2206.2,0
2206.6,0
2207,0
2207.4,0
2207.8,0
2208.2,0
2208.6,0
2209,0
2209.4,0
2209.8,0
2210.2,0
2210.6,0
2211,0
2211.4,0
2211.8,0
2212.2,0
2212.6,0
2213,0
2213.4,0
2213.8,0
2214.2,0
2214.6,0
2215,0
2215.4,0
2215.8,0
2216.2,0
2216.6,0
2217,0
2217.4,0
2217.8,0
2218.2,0
2218.6,0
2219,0
2219.4,0
2219.8,0
2220.2,0
2220.6,0
2221,0
2221.4,0
2221.8,0
2222.2,0
2222.6,0
2223,0
2223.4,0
2223.8,0
2224.2,0
2224.6,0
2225,0
2225.4,0
2225.8,0
2226.2,0
2226.6,0
2227,0
2227.4,0
2227.8,0
2228.2,0
2228.6,0
2229,0
2229.4,0
2229.8,0
2230.2,0
2230.6,0
2231,0
2231.4,0
2231.8,0
2232.2,0
2232.6,0
2233,0
2233.4,0
2233.8,0
2234.2,0
2234.6,0
2235,0
2235.4,0
2235.8,0
2236.2,0
2236.6,0
2237,0
2237.4,0
2237.8,0
2238.2,0
2238.6,0
2239,0
2239.4,0
2239.8,0
2240.2,0
2240.6,0
2241,0
2241.4,0
2241.8,0
2242.2,0
2242.6,0
2243,0
2243.4,0
2243.8,0
2244.2,0
2244.6,0
2245,0
2245.4,0
2245.8,0
2246.2,0
2246.6,0
2247,0
2247.4,0
2247.8,0
2248.2,0
2248.6,0
2249,0
2249.4,0
2249.8,0
2250.2,0
2250.6,0
2251,0
2251.4,0
2251.8,0
2252.2,0
2252.6,0
2253,0
2253.4,0
2253.8,0
2254.2,0
2254.6,0
2255,0
2255.4,0
2255.8,0
2256.2,0
2256.6,0
2257,0
2257.4,0
2257.8,0
2258.2,0
2258.6,0
2259,0
2259.4,0
2259.8,0
2260.2,0
2260.6,0
2261,0
2261.4,0
2261.8,0
2262.2,0
2262.6,0
2263,0
2263.4,0
2263.8,0
2264.2,0
2264.6,0
2265,0
2265.4,0
2265.8,0
2266.2,0
2266.6,0
2267,0
2267.4,0
2267.8,0
2268.2,0
2268.6,0
2269,0
2269.4,0
2269.8,0
2270.2,0
2270.6,0
2271,0
2271.4,0
2271.8,0
2272.2,0
2272.6,0
2273,0
2273.4,0
2273.8,0
2274.2,0
2274.6,0
2275,0
2275.4,0
2275.8,0
2276.2,0
2276.6,0
2277,0
2277.4,0
2277.8,0
2278.2,0
2278.6,0
2279,0
2279.4,0
2279.8,0
2280.2,0
2280.6,0
2281,0
2281.4,0
2281.8,0
2282.2,0
2282.6,0
2283,0
2283.4,0
2283.8,0
2284.2,0
2284.6,0
2285,0
2285.4,0
2285.8,0
2286.2,0
2286.6,0
2287,0
2287.4,0
2287.8,0
2288.2,0
2288.6,0
2289,0
2289.4,0
2289.8,0
2290.2,0
2290.6,0
2291,0
2291.4,0
2291.8,0
2292.2,0
2292.6,0
2293,0
2293.4,0
2293.8,0
2294.2,0
2294.6,0
2295,0
2295.4,0
2295.8,0
2296.2,0
2296.6,0
2297,0
2297.4,0
2297.8,0
2298.2,0
2298.6,0
2299,0
2299.4,0
2299.8,0
2300.2,0
2300.6,0
2301,0
2301.4,0
2301.8,0
2302.2,0
2302.6,0
2303,0
2303.4,0
2303.8,0
2304.2,0
2304.6,0
2305,0
2305.4,0
2305.8,0
2306.2,0
2306.6,0
2307,0
2307.4,0
2307.8,0
2308.2,0
2308.6,0
2309,0
2309.4,0
2309.8,0
2310.2,0
2310.6,0
2311,0
2311.4,0
2311.8,0
2312.2,0
2312.6,0
2313,0
2313.4,0
2313.8,0
2314.2,0
2314.6,0
2315,0
2315.4,0
2315.8,0
2316.2,0
2316.6,0
2317,0
2317.4,0
2317.8,0
2318.2,0
2318.6,0
2319,0
2319.4,0
2319.8,0
2320.2,0
2320.6,0
2321,0
2321.4,0
2321.8,0
2322.2,0
2322.6,0
2323,0
2323.4,0
2323.8,0
2324.2,0
2324.6,0
2325,0
2325.4,0
2325.8,0
2326.2,0
2326.6,0
2327,0
2327.4,0
2327.8,0
2328.2,0
2328.6,0
2329,0
2329.4,0
2329.8,0
2330.2,0
2330.6,0
2331,0
2331.4,0
2331.8,0
2332.2,0
2332.6,0
2333,0
2333.4,0
2333.8,0
2334.2,0
2334.6,0
2335,0
2335.4,0
2335.8,0
2336.2,0
2336.6,0
2337,0
2337.4,0
2337.8,0
2338.2,0
2338.6,0
2339,0
2339.4,0
2339.8,0
2340.2,0
2340.6,0
2341,0
2341.4,0
2341.8,0
2342.2,0
2342.6,0
2343,0
2343.4,0
2343.8,0
2344.2,0
2344.6,0
2345,0
2345.4,0
2345.8,0
2346.2,0
2346.6,0
2347,0
2347.4,0
2347.8,0
2348.2,0
2348.6,0
2349,0
2349.4,0
2349.8,0
2350.2,0
2350.6,0
2351,0
2351.4,0
2351.8,0
2352.2,0
2352.6,0
2353,0
2353.4,0
2353.8,0
2354.2,0
2354.6,0
2355,0
2355.4,0
2355.8,0
2356.2,0
2356.6,0
2357,0
2357.4,0
2357.8,0
2358.2,0
2358.6,0
2359,0
2359.4,0
2359.8,0
2360.2,0
2360.6,0
2361,0
2361.4,0
2361.8,0
2362.2,0
2362.6,0
2363,0
2363.4,0
2363.8,0
2364.2,0
2364.6,0
2365,0
2365.4,0
2365.8,0
2366.2,0
2366.6,0
2367,0
2367.4,0
2367.8,0
2368.2,0
2368.6,0
2369,0
2369.4,0
2369.8,0
2370.2,0
2370.6,0
2371,0
2371.4,0
2371.8,0
2372.2,0
2372.6,0
2373,0
2373.4,0
2373.8,0
2374.2,0
2374.6,0
2375,0
2375.4,0
2375.8,0
2376.2,0
2376.6,0
2377,0
2377.4,0
2377.8,0
2378.2,0
2378.6,0
2379,0
2379.4,0
2379.8,0
2380.2,0
2380.6,0
2381,0
2381.4,0
2381.8,0
2382.2,0
2382.6,0
2383,0
2383.4,0
2383.8,0
2384.2,0
2384.6,0
2385,0
2385.4,0
2385.8,0
2386.2,0
2386.6,0
2387,0
2387.4,0
2387.8,0
2388.2,0
2388.6,0
2389,0
2389.4,0
2389.8,0
2390.2,0
2390.6,0
2391,0
2391.4,0
2391.8,0
2392.2,0
2392.6,0
2393,0
2393.4,0
2393.8,0
2394.2,0
2394.6,0
2395,0
2395.4,0
2395.8,0
2396.2,0
2396.6,0
2397,0
2397.4,0
2397.8,0
2398.2,0
2398.6,0
2399,0
2399.4,0
2399.8,0
2400.2,0
2400.6,0
2401,0
2401.4,0
2401.8,0
2402.2,0
2402.6,0
2403,0
2403.4,0
2403.8,0
2404.2,0
2404.6,0
2405,0
2405.4,0
2405.8,0
2406.2,0
2406.6,0
2407,0
2407.4,0
2407.8,0
2408.2,0
2408.6,0
2409,0
2409.4,0
2409.8,0
2410.2,0
2410.6,0
2411,0
2411.4,0
2411.8,0
2412.2,0
2412.6,0
2413,0
2413.4,0
2413.8,0
2414.2,0
2414.6,0
2415,0
2415.4,0
2415.8,0
2416.2,0
2416.6,0
2417,0
2417.4,0
2417.8,0
2418.2,0
2418.6,0
2419,0
2419.4,0
2419.8,0
2420.2,0
2420.6,0
2421,0
2421.4,0
2421.8,0
2422.2,0
2422.6,0
2423,0
2423.4,0
2423.8,0
2424.2,0
2424.6,0
2425,0
2425.4,0
2425.8,0
2426.2,0
2426.6,0
2427,0
2427.4,0
2427.8,0
2428.2,0
2428.6,0
2429,0
2429.4,0
2429.8,0
2430.2,0
2430.6,0
2431,0
2431.4,0
2431.8,0
2432.2,0
2432.6,0
2433,0
2433.4,0
2433.8,0
2434.2,0
2434.6,0
2435,0
2435.4,0
2435.8,0
2436.2,0
2436.6,0
2437,0
2437.4,0
2437.8,0
2438.2,0
2438.6,0
2439,0
2439.4,0
2439.8,0
2440.2,0
2440.6,0
2441,0
2441.4,0
2441.8,0
2442.2,0
2442.6,0
2443,0
2443.4,0
2443.8,0
2444.2,0
2444.6,0
2445,0
2445.4,0
2445.8,0
2446.2,0
2446.6,0
2447,0
2447.4,0
2447.8,0
2448.2,0
2448.6,0
2449,0
2449.4,0
2449.8,0
2450.2,0
2450.6,0
2451,0
2451.4,0
2451.8,0
2452.2,0
2452.6,0
2453,0
2453.4,0
2453.8,0
2454.2,0
2454.6,0
2455,0
2455.4,0
2455.8,0
2456.2,0
2456.6,0
2457,0
2457.4,0
2457.8,0
2458.2,0
2458.6,0
2459,0
2459.4,0
2459.8,0
2460.2,0
2460.6,0
2461,0
2461.4,0
2461.8,0
2462.2,0
2462.6,0
2463,0
2463.4,0
2463.8,0
2464.2,0
2464.6,0
2465,0
2465.4,0
2465.8,0
2466.2,0
2466.6,0
2467,0
2467.4,0
2467.8,0
2468.2,0
2468.6,0
2469,0
2469.4,0
2469.8,0
2470.2,0
2470.6,0
2471,0
2471.4,0
2471.8,0
2472.2,0
2472.6,0
2473,0
2473.4,0
2473.8,0
2474.2,0
2474.6,0
2475,0
2475.4,0
2475.8,0
2476.2,0
2476.6,0
2477,0
2477.4,0
2477.8,0
2478.2,0
2478.6,0
2479,0
2479.4,0
2479.8,0
2480.2,0
2480.6,0
2481,0
2481.4,0
2481.8,0
2482.2,0
2482.6,0
2483,0
2483.4,0
2483.8,0
2484.2,0
2484.6,0
2485,0
2485.4,0
2485.8,0
2486.2,0
2486.6,0
2487,0
2487.4,0
2487.8,0
2488.2,0
2488.6,0
2489,0
2489.4,0
2489.8,0
2490.2,0
2490.6,0
2491,0
2491.4,0
2491.8,0
2492.2,0
2492.6,0
2493,0
2493.4,0
2493.8,0
2494.2,0
2494.6,0
2495,0
2495.4,0
2495.8,0
2496.2,0
2496.6,0
2497,0
2497.4,0
2497.8,0
2498.2,0
2498.6,0
2499,0
2499.4,0
2499.8,0
2500.2,0
2500.6,0
2501,0
2501.4,0
2501.8,0
2502.2,0
2502.6,0
2503,0
2503.4,0
2503.8,0
2504.2,0
2504.6,0
2505,0
2505.4,0
2505.8,0
2506.2,0
2506.6,0
2507,0
2507.4,0
2507.8,0
2508.2,0
2508.6,0
2509,0
2509.4,0
2509.8,0
2510.2,0
2510.6,0
2511,0
2511.4,0
2511.8,0
2512.2,0
2512.6,0
2513,0
2513.4,0
2513.8,0
2514.2,0
2514.6,0
2515,0
2515.4,0
2515.8,0
2516.2,0
2516.6,0
2517,0
2517.4,0
2517.8,0
2518.2,0
2518.6,0
2519,0
2519.4,0
2519.8,0
2520.2,0
2520.6,0
2521,0
2521.4,0
2521.8,0
2522.2,0
2522.6,0
2523,0
2523.4,0
2523.8,0
2524.2,0
2524.6,0
2525,0
2525.4,0
2525.8,0
2526.2,0
2526.6,0
2527,0
2527.4,0
2527.8,0
2528.2,0
2528.6,0
2529,0
2529.4,0
2529.8,0
2530.2,0
2530.6,0
2531,0
2531.4,0
2531.8,0
2532.2,0
2532.6,0
2533,0
2533.4,0
2533.8,0
2534.2,0
2534.6,0
2535,0
2535.4,0
2535.8,0
2536.2,0
2536.6,0
2537,0
2537.4,0
2537.8,0
2538.2,0
2538.6,0
2539,0
2539.4,0
2539.8,0
2540.2,0
2540.6,0
2541,0
2541.4,0
2541.8,0
2542.2,0
2542.6,0
2543,0
2543.4,0
2543.8,0
2544.2,0
2544.6,0
2545,0
2545.4,0
2545.8,0
2546.2,0
2546.6,0
2547,0
2547.4,0
2547.8,0
2548.2,0
2548.6,0
2549,0
2549.4,0
2549.8,0
2550.2,0
2550.6,0
2551,0
2551.4,0
2551.8,0
2552.2,0
2552.6,0
2553,0
2553.4,0
2553.8,0
2554.2,0
2554.6,0
2555,0
2555.4,0
2555.8,0
2556.2,0
2556.6,0
2557,0
2557.4,0
2557.8,0
2558.2,0
2558.6,0
2559,0
2559.4,0
2559.8,0
2560.2,0
2560.6,0
2561,0
2561.4,0
2561.8,0
2562.2,0
2562.6,0
2563,0
2563.4,0
2563.8,0
2564.2,0
2564.6,0
2565,0
2565.4,0
2565.8,0
2566.2,0
2566.6,0
2567,0
2567.4,0
2567.8,0
2568.2,0
2568.6,0
2569,0
2569.4,0
2569.8,0
2570.2,0
2570.6,0
2571,0
2571.4,0
2571.8,0
2572.2,0
2572.6,0
2573,0
2573.4,0
2573.8,0
2574.2,0
2574.6,0
2575,0
2575.4,0
2575.8,0
2576.2,0
2576.6,0
2577,0
2577.4,0
2577.8,0
2578.2,0
2578.6,0
2579,0
2579.4,0
2579.8,0
2580.2,0
2580.6,0
2581,0
2581.4,0
2581.8,0
2582.2,0
2582.6,0
2583,0
2583.4,0
2583.8,0
2584.2,0
2584.6,0
2585,0
2585.4,0
2585.8,0
2586.2,0
2586.6,0
2587,0
2587.4,0
2587.8,0
2588.2,0
2588.6,0
2589,0
2589.4,0
2589.8,0
2590.2,0
2590.6,0
2591,0
2591.4,0
2591.8,0
2592.2,0
2592.6,0
2593,0
2593.4,0
2593.8,0
2594.2,0
2594.6,0
2595,0
2595.4,0
2595.8,0
2596.2,0
2596.6,0
2597,0
2597.4,0
2597.8,0
2598.2,0
2598.6,0
2599,0
2599.4,0
2599.8,0
2600.2,0
2600.6,0
2601,0
2601.4,0
2601.8,0
2602.2,0
2602.6,0
2603,0
2603.4,0
2603.8,0
2604.2,0
2604.6,0
2605,0
2605.4,0
2605.8,0
2606.2,0
2606.6,0
2607,0
2607.4,0
2607.8,0
2608.2,0
2608.6,0
2609,0
2609.4,0
2609.8,0
2610.2,0
2610.6,0
2611,0
2611.4,0
2611.8,0
2612.2,0
2612.6,0
2613,0
2613.4,0
2613.8,0
2614.2,0
2614.6,0
2615,0
2615.4,0
2615.8,0
2616.2,0
2616.6,0
2617,0
2617.4,0
2617.8,0
2618.2,0
2618.6,0
2619,0
2619.4,0
2619.8,0
2620.2,0
2620.6,0
2621,0
2621.4,0
2621.8,0
2622.2,0
2622.6,0
2623,0
2623.4,0
2623.8,0
2624.2,0
2624.6,0
2625,0
2625.4,0
2625.8,0
2626.2,0
2626.6,0
2627,0
2627.4,0
2627.8,0
2628.2,0
2628.6,0
2629,0
2629.4,0
2629.8,0
2630.2,0
2630.6,0
2631,0
2631.4,0
2631.8,0
2632.2,0
2632.6,0
2633,0
2633.4,0
2633.8,0
2634.2,0
2634.6,0
2635,0
2635.4,0
2635.8,0
2636.2,0
2636.6,0
2637,0
2637.4,0
2637.8,0
2638.2,0
2638.6,0
2639,0
2639.4,0
2639.8,0
2640.2,0
2640.6,0
2641,0
2641.4,0
2641.8,0
2642.2,0
2642.6,0
2643,0
2643.4,0
2643.8,0
2644.2,0
2644.6,0
2645,0
2645.4,0
2645.8,0
2646.2,0
2646.6,0
2647,0
2647.4,0
2647.8,0
2648.2,0
2648.6,0
2649,0
2649.4,0
2649.8,0
2650.2,0
2650.6,0
2651,0
2651.4,0
2651.8,0
2652.2,0
2652.6,0
2653,0
2653.4,0
2653.8,0
2654.2,0
2654.6,0
2655,0
2655.4,0
2655.8,0
2656.2,0
2656.6,0
2657,0
2657.4,0
2657.8,0
2658.2,0
2658.6,0
2659,0
2659.4,0
2659.8,0
2660.2,0
2660.6,0
2661,0
2661.4,0
2661.8,0
2662.2,0
2662.6,0
2663,0
2663.4,0
2663.8,0
2664.2,0
2664.6,0
2665,0
2665.4,0
2665.8,0
2666.2,0
2666.6,0
2667,0
2667.4,0
2667.8,0
2668.2,0
2668.6,0
2669,0
2669.4,0
2669.8,0
2670.2,0
2670.6,0
2671,0
2671.4,0
2671.8,0
2672.2,0
2672.6,0
2673,0
2673.4,0
2673.8,0
2674.2,0
2674.6,0
2675,0
2675.4,0
2675.8,0
2676.2,0
2676.6,0
2677,0
2677.4,0
2677.8,0
2678.2,0
2678.6,0
2679,0
2679.4,0
2679.8,0
2680.2,0
2680.6,0
2681,0
2681.4,0
2681.8,0
2682.2,0
2682.6,0
2683,0
2683.4,0
2683.8,0
2684.2,0
2684.6,0
2685,0
2685.4,0
2685.8,0
2686.2,0
2686.6,0
2687,0
2687.4,0
2687.8,0
2688.2,0
2688.6,0
2689,0
2689.4,0
2689.8,0
2690.2,0
2690.6,0
2691,0
2691.4,0
2691.8,0
2692.2,0
2692.6,0
2693,0
2693.4,0
2693.8,0
2694.2,0
2694.6,0
2695,0
2695.4,0
2695.8,0
2696.2,0
2696.6,0
2697,0
2697.4,0
2697.8,0
2698.2,0
2698.6,0
2699,0
2699.4,0
2699.8,0
2700.2,0
2700.6,0
2701,0
2701.4,0
2701.8,0
2702.2,0
2702.6,0
2703,0
2703.4,0
2703.8,0
2704.2,0
2704.6,0
2705,0
2705.4,0
2705.8,0
2706.2,0
2706.6,0
2707,0
2707.4,0
2707.8,0
2708.2,0
2708.6,0
2709,0
2709.4,0
2709.8,0
2710.2,0
2710.6,0
2711,0
2711.4,0
2711.8,0
2712.2,0
2712.6,0
2713,0
2713.4,0
2713.8,0
2714.2,0
2714.6,0
2715,0
2715.4,0
2715.8,0
2716.2,0
2716.6,0
2717,0
2717.4,0
2717.8,0
2718.2,0
2718.6,0
2719,0
2719.4,0
2719.8,0
2720.2,0
2720.6,0
2721,0
2721.4,0
2721.8,0
2722.2,0
2722.6,0
2723,0
2723.4,0
2723.8,0
2724.2,0
2724.6,0
2725,0
2725.4,0
2725.8,0
2726.2,0
2726.6,0
2727,0
2727.4,0
2727.8,0
2728.2,0
2728.6,0
2729,0
2729.4,0
2729.8,0
2730.2,0
2730.6,0
2731,0
2731.4,0
2731.8,0
2732.2,0
2732.6,0
2733,0
2733.4,0
2733.8,0
2734.2,0
2734.6,0
2735,0
2735.4,0
2735.8,0
2736.2,0
2736.6,0
2737,0
2737.4,0
2737.8,0
2738.2,0
2738.6,0
2739,0
2739.4,0
2739.8,0
2740.2,0
2740.6,0
2741,0
2741.4,0
2741.8,0
2742.2,0
2742.6,0
2743,0
2743.4,0
2743.8,0
2744.2,0
2744.6,0
2745,0
2745.4,0
2745.8,0
2746.2,0
2746.6,0
2747,0
2747.4,0
2747.8,0
2748.2,0
2748.6,0
2749,0
2749.4,0
2749.8,0
2750.2,0
2750.6,0
2751,0
2751.4,0
2751.8,0
2752.2,0
2752.6,0
2753,0
2753.4,0
2753.8,0
2754.2,0
2754.6,0
2755,0
2755.4,0
2755.8,0
2756.2,0
2756.6,0
2757,0
2757.4,0
2757.8,0
2758.2,0
2758.6,0
2759,0
2759.4,0
2759.8,0
2760.2,0
2760.6,0
2761,0
2761.4,0
2761.8,0
2762.2,0
2762.6,0
2763,0
2763.4,0
2763.8,0
2764.2,0
2764.6,0
2765,0
2765.4,0
2765.8,0
2766.2,0
2766.6,0
2767,0
2767.4,0
2767.8,0
2768.2,0
2768.6,0
2769,0
2769.4,0
2769.8,0
2770.2,0
2770.6,0
2771,0
2771.4,0
2771.8,0
2772.2,0
2772.6,0
2773,0
2773.4,0
2773.8,0
2774.2,0
2774.6,0
2775,0
2775.4,0
2775.8,0
2776.2,0
2776.6,0
2777,0
2777.4,0
2777.8,0
2778.2,0
2778.6,0
2779,0
2779.4,0
2779.8,0
2780.2,0
2780.6,0
2781,0
2781.4,0
2781.8,0
2782.2,0
2782.6,0
2783,0
2783.4,0
2783.8,0
2784.2,0
2784.6,0
2785,0
2785.4,0
2785.8,0
2786.2,0
2786.6,0
2787,0
2787.4,0
2787.8,0
2788.2,0
2788.6,0
2789,0
2789.4,0
2789.8,0
2790.2,0
2790.6,0
2791,0
2791.4,0
2791.8,0
2792.2,0
2792.6,0
2793,0
2793.4,0
2793.8,0
2794.2,0
2794.6,0
2795,0
2795.4,0
2795.8,0
2796.2,0
2796.6,0
2797,0
2797.4,0
2797.8,0
2798.2,0
2798.6,0
2799,0
2799.4,0
2799.8,0
2800.2,0
2800.6,0
2801,0
2801.4,0
2801.8,0
2802.2,0
2802.6,0
2803,0
2803.4,0
2803.8,0
2804.2,0
2804.6,0
2805,0
2805.4,0
2805.8,0
2806.2,0
2806.6,0
2807,0
2807.4,0
2807.8,0
2808.2,0
2808.6,0
2809,0
2809.4,0
2809.8,0
2810.2,0
2810.6,0
2811,0
2811.4,0
2811.8,0
2812.2,0
2812.6,0
2813,0
2813.4,0
2813.8,0
2814.2,0
2814.6,0
2815,0
2815.4,0
2815.8,0
2816.2,0
2816.6,0
2817,0
2817.4,0
2817.8,0
2818.2,0
2818.6,0
2819,0
2819.4,0
2819.8,0
2820.2,0
2820.6,0
2821,0
2821.4,0
2821.8,0
2822.2,0
2822.6,0
2823,0
2823.4,0
2823.8,0
2824.2,0
2824.6,0
2825,0
2825.4,0
2825.8,0
2826.2,0
2826.6,0
2827,0
2827.4,0
2827.8,0
2828.2,0
2828.6,0
2829,0
2829.4,0
2829.8,0
2830.2,0
2830.6,0
2831,0
2831.4,0
2831.8,0
2832.2,0
2832.6,0
2833,0
2833.4,0
2833.8,0
2834.2,0
2834.6,0
2835,0
2835.4,0
2835.8,0
2836.2,0
2836.6,0
2837,0
2837.4,0
2837.8,0
2838.2,0
2838.6,0
2839,0
2839.4,0
2839.8,0
2840.2,0
2840.6,0
2841,0
2841.4,0
2841.8,0
2842.2,0
2842.6,0
2843,0
2843.4,0
2843.8,0
2844.2,0
2844.6,0
2845,0
2845.4,0
2845.8,0
2846.2,0
2846.6,0
2847,0
2847.4,0
2847.8,0
2848.2,0
2848.6,0
2849,0
2849.4,0
2849.8,0
2850.2,0
2850.6,0
2851,0
2851.4,0
2851.8,0
2852.2,0
2852.6,0
2853,0
2853.4,0
2853.8,0
2854.2,0
2854.6,0
2855,0
2855.4,0
2855.8,0
2856.2,0
2856.6,0
2857,0
2857.4,0
2857.8,0
2858.2,0
2858.6,0
2859,0
2859.4,0
2859.8,0
2860.2,0
2860.6,0
2861,0
2861.4,0
2861.8,0
2862.2,0
2862.6,0
2863,0
2863.4,0
2863.8,0
2864.2,0
2864.6,0
2865,0
2865.4,0
2865.8,0
2866.2,0
2866.6,0
2867,0
2867.4,0
2867.8,0
2868.2,0
2868.6,0
2869,0
2869.4,0
2869.8,0
2870.2,0
2870.6,0
2871,0
2871.4,0
2871.8,0
2872.2,0
2872.6,0
2873,0
2873.4,0
2873.8,0
2874.2,0
2874.6,0
2875,0
2875.4,0
2875.8,0
2876.2,0
2876.6,0
2877,0
2877.4,0
2877.8,0
2878.2,0
2878.6,0
2879,0
2879.4,0
2879.8,0
2880.2,0
2880.6,0
2881,0
2881.4,0
2881.8,0
2882.2,0
2882.6,0
2883,0
2883.4,0
2883.8,0
2884.2,0
2884.6,0
2885,0
2885.4,0
2885.8,0
2886.2,0
2886.6,0
2887,0
2887.4,0
2887.8,0
2888.2,0
2888.6,0
2889,0
2889.4,0
2889.8,0
2890.2,0
2890.6,0
2891,0
2891.4,0
2891.8,0
2892.2,0
2892.6,0
2893,0
2893.4,0
2893.8,0
2894.2,0
2894.6,0
2895,0
2895.4,0
2895.8,0
2896.2,0
2896.6,0
2897,0
2897.4,0
2897.8,0
2898.2,0
2898.6,0
2899,0
2899.4,0
2899.8,0
2900.2,0
2900.6,0
2901,0
2901.4,0
2901.8,0
2902.2,0
2902.6,0
2903,0
2903.4,0
2903.8,0
2904.2,0
2904.6,0
2905,0
2905.4,0
2905.8,0
2906.2,0
2906.6,0
2907,0
2907.4,0
2907.8,0
2908.2,0
2908.6,0
2909,0
2909.4,0
2909.8,0
2910.2,0
2910.6,0
2911,0
2911.4,0
2911.8,0
2912.2,0
2912.6,0
2913,0
2913.4,0
2913.8,0
2914.2,0
2914.6,0
2915,0
2915.4,0
2915.8,0
2916.2,0
2916.6,0
2917,0
2917.4,0
2917.8,0
2918.2,0
2918.6,0
2919,0
2919.4,0
2919.8,0
2920.2,0
2920.6,0
2921,0
2921.4,0
2921.8,0
2922.2,0
2922.6,0
2923,0
2923.4,0
2923.8,0
2924.2,0
2924.6,0
2925,0
2925.4,0
2925.8,0
2926.2,0
2926.6,0
2927,0
2927.4,0
2927.8,0
2928.2,0
2928.6,0
2929,0
2929.4,0
2929.8,0
2930.2,0
2930.6,0
2931,0
2931.4,0
2931.8,0
2932.2,0
2932.6,0
2933,0
2933.4,0
2933.8,0
2934.2,0
2934.6,0
2935,0
2935.4,0
2935.8,0
2936.2,0
2936.6,0
2937,0
2937.4,0
2937.8,0
2938.2,0
2938.6,0
2939,0
2939.4,0
2939.8,0
2940.2,0
2940.6,0
2941,0
2941.4,0
2941.8,0
2942.2,0
2942.6,0
2943,0
2943.4,0
2943.8,0
2944.2,0
2944.6,0
2945,0
2945.4,0
2945.8,0
2946.2,0
2946.6,0
2947,0
2947.4,0
2947.8,0
2948.2,0
2948.6,0
2949,0
2949.4,0
2949.8,0
2950.2,0
2950.6,0
2951,0
2951.4,0
2951.8,0
2952.2,0
2952.6,0
2953,0
2953.4,0
2953.8,0
2954.2,0
2954.6,0
2955,0
2955.4,0
2955.8,0
2956.2,0
2956.6,0
2957,0
2957.4,0
2957.8,0
2958.2,0
2958.6,0
2959,0
2959.4,0
2959.8,0
2960.2,0
2960.6,0
2961,0
2961.4,0
2961.8,0
2962.2,0
2962.6,0
2963,0
2963.4,0
2963.8,0
2964.2,0
2964.6,0
2965,0
2965.4,0
2965.8,0
2966.2,0
2966.6,0
2967,0
2967.4,0
2967.8,0
2968.2,0
2968.6,0
2969,0
2969.4,0
2969.8,0
2970.2,0
2970.6,0
2971,0
2971.4,0
2971.8,0
2972.2,0
2972.6,0
2973,0
2973.4,0
2973.8,0
2974.2,0
2974.6,0
2975,0
2975.4,0
2975.8,0
2976.2,0
2976.6,0
2977,0
2977.4,0
2977.8,0
2978.2,0
2978.6,0
2979,0
2979.4,0
2979.8,0
2980.2,0
2980.6,0
2981,0
2981.4,0
2981.8,0
2982.2,0
2982.6,0
2983,0
2983.4,0
2983.8,0
2984.2,0
2984.6,0
2985,0
2985.4,0
2985.8,0
2986.2,0
2986.6,0
2987,0
2987.4,0
2987.8,0
2988.2,0
2988.6,0
2989,0
2989.4,0
2989.8,0
2990.2,0
2990.6,0
2991,0
2991.4,0
2991.8,0
2992.2,0
2992.6,0
2993,0
2993.4,0
2993.8,0
2994.2,0
2994.6,0
2995,0
2995.4,0
2995.8,0
2996.2,0
2996.6,0
2997,0
2997.4,0
2997.8,0
2998.2,0
2998.6,0
2999,0
2999.4,0
2999.8,0
3000.2,0
3000.6,0
3001,0
3001.4,0
3001.8,0
3002.2,0
3002.6,0
3003,0
3003.4,0
3003.8,0
3004.2,0
3004.6,0
3005,0
3005.4,0
3005.8,0
3006.2,0
3006.6,0
3007,0
3007.4,0
3007.8,0
3008.2,0
3008.6,0
3009,0
3009.4,0
3009.8,0
3010.2,0
3010.6,0
3011,0
3011.4,0
3011.8,0
3012.2,0
3012.6,0
3013,0
3013.4,0
3013.8,0
3014.2,0
3014.6,0
3015,0
3015.4,0
3015.8,0
3016.2,0
3016.6,0
3017,0
3017.4,0
3017.8,0
3018.2,0
3018.6,0
3019,0
3019.4,0
3019.8,0
3020.2,0
3020.6,0
3021,0
3021.4,0
3021.8,0
3022.2,0
3022.6,0
3023,0
3023.4,0
3023.8,0
3024.2,0
3024.6,0
3025,0
3025.4,0
3025.8,0
3026.2,0
3026.6,0
3027,0
3027.4,0
3027.8,0
3028.2,0
3028.6,0
3029,0
3029.4,0
3029.8,0
3030.2,0
3030.6,0
3031,0
3031.4,0
3031.8,0
3032.2,0
3032.6,0
3033,0
3033.4,0
3033.8,0
3034.2,0
3034.6,0
3035,0
3035.4,0
3035.8,0
3036.2,0
3036.6,0
3037,0
3037.4,0
3037.8,0
3038.2,0
3038.6,0
3039,0
3039.4,0
3039.8,0
3040.2,0
3040.6,0
3041,0
3041.4,0
3041.8,0
3042.2,0
3042.6,0
3043,0
3043.4,0
3043.8,0
3044.2,0
3044.6,0
3045,0
3045.4,0
3045.8,0
3046.2,0
3046.6,0
3047,0
3047.4,0
3047.8,0
3048.2,0
3048.6,0
3049,0
3049.4,0
3049.8,0
3050.2,0
3050.6,0
3051,0
3051.4,0
3051.8,0
3052.2,0
3052.6,0
3053,0
3053.4,0
3053.8,0
3054.2,0
3054.6,0
3055,0
3055.4,0
3055.8,0
3056.2,0
3056.6,0
3057,0
3057.4,0
3057.8,0
3058.2,0
3058.6,0
3059,0
3059.4,0
3059.8,0
3060.2,0
3060.6,0
3061,0
3061.4,0
3061.8,0
3062.2,0
3062.6,0
3063,0
3063.4,0
3063.8,0
3064.2,0
3064.6,0
3065,0
3065.4,0
3065.8,0
3066.2,0
3066.6,0
3067,0
3067.4,0
3067.8,0
3068.2,0
3068.6,0
3069,0
3069.4,0
3069.8,0
3070.2,0
3070.6,0
3071,0
3071.4,0
3071.8,0
3072.2,0
3072.6,0
3073,0
3073.4,0
3073.8,0
3074.2,0
3074.6,0
3075,0
3075.4,0
3075.8,0
3076.2,0
3076.6,0
3077,0
3077.4,0
3077.8,0
3078.2,0
3078.6,0
3079,0
3079.4,0
3079.8,0
3080.2,0
3080.6,0
3081,0
3081.4,0
3081.8,0
3082.2,0
3082.6,0
3083,0
3083.4,0
3083.8,0
3084.2,0
3084.6,0
3085,0
3085.4,0
3085.8,0
3086.2,0
3086.6,0
3087,0
3087.4,0
3087.8,0
3088.2,0
3088.6,0
3089,0
3089.4,0
3089.8,0
3090.2,0
3090.6,0
3091,0
3091.4,0
3091.8,0
3092.2,0
3092.6,0
3093,0
3093.4,0
3093.8,0
3094.2,0
3094.6,0
3095,0
3095.4,0
3095.8,0
3096.2,0
3096.6,0
3097,0
3097.4,0
3097.8,0
3098.2,0
3098.6,0
3099,0
3099.4,0
3099.8,0
3100.2,0
3100.6,0
3101,0
3101.4,0
3101.8,0
3102.2,0
3102.6,0
3103,0
3103.4,0
3103.8,0
3104.2,0
3104.6,0
3105,0
3105.4,0
3105.8,0
3106.2,0
3106.6,0
3107,0
3107.4,0
3107.8,0
3108.2,0
3108.6,0
3109,0
3109.4,0
3109.8,0
3110.2,0
3110.6,0
3111,0
3111.4,0
3111.8,0
3112.2,0
3112.6,0
3113,0
3113.4,0
3113.8,0
3114.2,0
3114.6,0
3115,0
3115.4,0
3115.8,0
3116.2,0
3116.6,0
3117,0
3117.4,0
3117.8,0
3118.2,0
3118.6,0
3119,0
3119.4,0
3119.8,0
3120.2,0
3120.6,0
3121,0
3121.4,0
3121.8,0
3122.2,0
3122.6,0
3123,0
3123.4,0
3123.8,0
3124.2,0
3124.6,0
3125,0
3125.4,0
3125.8,0
3126.2,0
3126.6,0
3127,0
3127.4,0
3127.8,0
3128.2,0
3128.6,0
3129,0
3129.4,0
3129.8,0
3130.2,0
3130.6,0
3131,0
3131.4,0
3131.8,0
3132.2,0
3132.6,0
3133,0
3133.4,0
3133.8,0
3134.2,0
3134.6,0
3135,0
3135.4,0
3135.8,0
3136.2,0
3136.6,0
3137,0
3137.4,0
3137.8,0
3138.2,0
3138.6,0
3139,0
3139.4,0
3139.8,0
3140.2,0
3140.6,0
3141,0
3141.4,0
3141.8,0
3142.2,0
3142.6,0
3143,0
3143.4,0
3143.8,0
3144.2,0
3144.6,0
3145,0
3145.4,0
3145.8,0
3146.2,0
3146.6,0
3147,0
3147.4,0
3147.8,0
3148.2,0
3148.6,0
3149,0
3149.4,0
3149.8,0
3150.2,0
3150.6,0
3151,0
3151.4,0
3151.8,0
3152.2,0
3152.6,0
3153,0
3153.4,0
3153.8,0
3154.2,0
3154.6,0
3155,0
3155.4,0
3155.8,0
3156.2,0
3156.6,0
3157,0
3157.4,0
3157.8,0
3158.2,0
3158.6,0
3159,0
3159.4,0
3159.8,0
3160.2,0
3160.6,0
3161,0
3161.4,0
3161.8,0
3162.2,0
3162.6,0
3163,0
3163.4,0
3163.8,0
3164.2,0
3164.6,0
3165,0
3165.4,0
3165.8,0
3166.2,0
3166.6,0
3167,0
3167.4,0
3167.8,0
3168.2,0
3168.6,0
3169,0
3169.4,0
3169.8,0
3170.2,0
3170.6,0
3171,0
3171.4,0
3171.8,0
3172.2,0
3172.6,0
3173,0
3173.4,0
3173.8,0
3174.2,0
3174.6,0
3175,0
3175.4,0
3175.8,0
3176.2,0
3176.6,0
3177,0
3177.4,0
3177.8,0
3178.2,0
3178.6,0
3179,0
3179.4,0
3179.8,0
3180.2,0
3180.6,0
3181,0
3181.4,0
3181.8,0
3182.2,0
3182.6,0
3183,0
3183.4,0
3183.8,0
3184.2,0
3184.6,0
3185,0
3185.4,0
3185.8,0
3186.2,0
3186.6,0
3187,0
3187.4,0
3187.8,0
3188.2,0
3188.6,0
3189,0
3189.4,0
3189.8,0
3190.2,0
3190.6,0
3191,0
3191.4,0
3191.8,0
3192.2,0
3192.6,0
3193,0
3193.4,0
3193.8,0
3194.2,0
3194.6,0
3195,0
3195.4,0
3195.8,0
3196.2,0
3196.6,0
3197,0
3197.4,0
3197.8,0
3198.2,0
3198.6,0
3199,0
3199.4,0
3199.8,0
3200.2,0
3200.6,0
3201,0
3201.4,0
3201.8,0
3202.2,0
3202.6,0
3203,0
3203.4,0
3203.8,0
3204.2,0
3204.6,0
3205,0
3205.4,0
3205.8,0
3206.2,0
3206.6,0
3207,0
3207.4,0
3207.8,0
3208.2,0
3208.6,0
3209,0
3209.4,0
3209.8,0
3210.2,0
3210.6,0
3211,0
3211.4,0
3211.8,0
3212.2,0
3212.6,0
3213,0
3213.4,0
3213.8,0
3214.2,0
3214.6,0
3215,0
3215.4,0
3215.8,0
3216.2,0
3216.6,0
3217,0
3217.4,0
3217.8,0
3218.2,0
3218.6,0
3219,0
3219.4,0
3219.8,0
3220.2,0
3220.6,0
3221,0
3221.4,0
3221.8,0
3222.2,0
3222.6,0
3223,0
3223.4,0
3223.8,0
3224.2,0
3224.6,0
3225,0
3225.4,0
3225.8,0
3226.2,0
3226.6,0
3227,0
3227.4,0
3227.8,0
3228.2,0
3228.6,0
3229,0
3229.4,0
3229.8,0
3230.2,0
3230.6,0
3231,0
3231.4,0
3231.8,0
3232.2,0
3232.6,0
3233,0
3233.4,0
3233.8,0
3234.2,0
3234.6,0
3235,0
3235.4,0
3235.8,0
3236.2,0
3236.6,0
3237,0
3237.4,0
3237.8,0
3238.2,0
3238.6,0
3239,0
3239.4,0
3239.8,0
3240.2,0
3240.6,0
3241,0
3241.4,0
3241.8,0
3242.2,0
3242.6,0
3243,0
3243.4,0
3243.8,0
3244.2,0
3244.6,0
3245,0
3245.4,0
3245.8,0
3246.2,0
3246.6,0
3247,0
3247.4,0
3247.8,0
3248.2,0
3248.6,0
3249,0
3249.4,0
3249.8,0
3250.2,0
3250.6,0
3251,0
3251.4,0
3251.8,0
3252.2,0
3252.6,0
3253,0
3253.4,0
3253.8,0
3254.2,0
3254.6,0
3255,0
3255.4,0
3255.8,0
3256.2,0
3256.6,0
3257,0
3257.4,0
3257.8,0
3258.2,0
3258.6,0
3259,0
3259.4,0
3259.8,0
3260.2,0
3260.6,0
3261,0
3261.4,0
3261.8,0
3262.2,0
3262.6,0
3263,0
3263.4,0
3263.8,0
3264.2,0
3264.6,0
3265,0
3265.4,0
3265.8,0
3266.2,0
3266.6,0
3267,0
3267.4,0
3267.8,0
3268.2,0
3268.6,0
3269,0
3269.4,0
3269.8,0
3270.2,0
3270.6,0
3271,0
3271.4,0
3271.8,0
3272.2,0
3272.6,0
3273,0
3273.4,0
3273.8,0
3274.2,0
3274.6,0
3275,0
3275.4,0
3275.8,0
3276.2,0
3276.6,0
3277,0
3277.4,0
3277.8,0
3278.2,0
3278.6,0
3279,0
3279.4,0
3279.8,0
3280.2,0
3280.6,0
3281,0
3281.4,0
3281.8,0
3282.2,0
3282.6,0
3283,0
3283.4,0
3283.8,0
3284.2,0
3284.6,0
3285,0
3285.4,0
3285.8,0
3286.2,0
3286.6,0
3287,0
3287.4,0
3287.8,0
3288.2,0
3288.6,0
3289,0
3289.4,0
3289.8,0
3290.2,0
3290.6,0
3291,0
3291.4,0
3291.8,0
3292.2,0
3292.6,0
3293,0
3293.4,0
3293.8,0
3294.2,0
3294.6,0
3295,0
3295.4,0
3295.8,0
3296.2,0
3296.6,0
3297,0
3297.4,0
3297.8,0
3298.2,0
3298.6,0
3299,0
3299.4,0
3299.8,0
3300.2,0
3300.6,0
3301,0
3301.4,0
3301.8,0
3302.2,0
3302.6,0
3303,0
3303.4,0
3303.8,0
3304.2,0
3304.6,0
3305,0
3305.4,0
3305.8,0
3306.2,0
3306.6,0
3307,0
3307.4,0
3307.8,0
3308.2,0
3308.6,0
3309,0
3309.4,0
3309.8,0
3310.2,0
3310.6,0
3311,0
3311.4,0
3311.8,0
3312.2,0
3312.6,0
3313,0
3313.4,0
3313.8,0
3314.2,0
3314.6,0
3315,0
3315.4,0
3315.8,0
3316.2,0
3316.6,0
3317,0
3317.4,0
3317.8,0
3318.2,0
3318.6,0
3319,0
3319.4,0
3319.8,0
3320.2,0
3320.6,0
3321,0
3321.4,0
3321.8,0
3322.2,0
3322.6,0
3323,0
3323.4,0
3323.8,0
3324.2,0
3324.6,0
3325,0
3325.4,0
3325.8,0
3326.2,0
3326.6,0
3327,0
3327.4,0
3327.8,0
3328.2,0
3328.6,0
3329,0
3329.4,0
3329.8,0
3330.2,0
3330.6,0
3331,0
3331.4,0
3331.8,0
3332.2,0
3332.6,0
3333,0
3333.4,0
3333.8,0
3334.2,0
3334.6,0
3335,0
3335.4,0
3335.8,0
3336.2,0
3336.6,0
3337,0
3337.4,0
3337.8,0
3338.2,0
3338.6,0
3339,0
3339.4,0
3339.8,0
3340.2,0
3340.6,0
3341,0
3341.4,0
3341.8,0
3342.2,0
3342.6,0
3343,0
3343.4,0
3343.8,0
3344.2,0
3344.6,0
3345,0
3345.4,0
3345.8,0
3346.2,0
3346.6,0
3347,0
3347.4,0
3347.8,0
3348.2,0
3348.6,0
3349,0
3349.4,0
3349.8,0
3350.2,0
3350.6,0
3351,0
3351.4,0
3351.8,0
3352.2,0
3352.6,0
3353,0
3353.4,0
3353.8,0
3354.2,0
3354.6,0
3355,0
3355.4,0
3355.8,0
3356.2,0
3356.6,0
3357,0
3357.4,0
3357.8,0
3358.2,0
3358.6,0
3359,0
3359.4,0
3359.8,0
3360.2,0
3360.6,0
3361,0
3361.4,0
3361.8,0
3362.2,0
3362.6,0
3363,0
3363.4,0
3363.8,0
3364.2,0
3364.6,0
3365,0
3365.4,0
3365.8,0
3366.2,0
3366.6,0
3367,0
3367.4,0
3367.8,0
3368.2,0
3368.6,0
3369,0
3369.4,0
3369.8,0
3370.2,0
3370.6,0
3371,0
3371.4,0
3371.8,0
3372.2,0
3372.6,0
3373,0
3373.4,0
3373.8,0
3374.2,0
3374.6,0
3375,0
3375.4,0
3375.8,0
3376.2,0
3376.6,0
3377,0
3377.4,0
3377.8,0
3378.2,0
3378.6,0
3379,0
3379.4,0
3379.8,0
3380.2,0
3380.6,0
3381,0
3381.4,0
3381.8,0
3382.2,0
3382.6,0
3383,0
3383.4,0
3383.8,0
3384.2,0
3384.6,0
3385,0
3385.4,0
3385.8,0
3386.2,0
3386.6,0
3387,0
3387.4,0
3387.8,0
3388.2,0
3388.6,0
3389,0
3389.4,0
3389.8,0
3390.2,0
3390.6,0
3391,0
3391.4,0
3391.8,0
3392.2,0
3392.6,0
3393,0
3393.4,0
3393.8,0
3394.2,0
3394.6,0
3395,0
3395.4,0
3395.8,0
3396.2,0
3396.6,0
3397,0
3397.4,0
3397.8,0
3398.2,0
3398.6,0
3399,0
3399.4,0
3399.8,0
3400.2,0
3400.6,0
3401,0
3401.4,0
3401.8,0
3402.2,0
3402.6,0
3403,0
3403.4,0
3403.8,0
3404.2,0
3404.6,0
3405,0
3405.4,0
3405.8,0
3406.2,0
3406.6,0
3407,0
3407.4,0
3407.8,0
3408.2,0
3408.6,0
3409,0
3409.4,0
3409.8,0
3410.2,0
3410.6,0
3411,0
3411.4,0
3411.8,0
3412.2,0
3412.6,0
3413,0
3413.4,0
3413.8,0
3414.2,0
3414.6,0
3415,0
3415.4,0
3415.8,0
3416.2,0
3416.6,0
3417,0
3417.4,0
3417.8,0
3418.2,0
3418.6,0
3419,0
3419.4,0
3419.8,0
3420.2,0
3420.6,0
3421,0
3421.4,0
3421.8,0
3422.2,0
3422.6,0
3423,0
3423.4,0
3423.8,0
3424.2,0
3424.6,0
3425,0
3425.4,0
3425.8,0
3426.2,0
3426.6,0
3427,0
3427.4,0
3427.8,0
3428.2,0
3428.6,0
3429,0
3429.4,0
3429.8,0
3430.2,0
3430.6,0
3431,0
3431.4,0
3431.8,0
3432.2,0
3432.6,0
3433,0
3433.4,0
3433.8,0
3434.2,0
3434.6,0
3435,0
3435.4,0
3435.8,0
3436.2,0
3436.6,0
3437,0
3437.4,0
3437.8,0
3438.2,0
3438.6,0
3439,0
3439.4,0
3439.8,0
3440.2,0
3440.6,0
3441,0
3441.4,0
3441.8,0
3442.2,0
3442.6,0
3443,0
3443.4,0
3443.8,0
3444.2,0
3444.6,0
3445,0
3445.4,0
3445.8,0
3446.2,0
3446.6,0
3447,0
3447.4,0
3447.8,0
3448.2,0
3448.6,0
3449,0
3449.4,0
3449.8,0
3450.2,0
3450.6,0
3451,0
3451.4,0
3451.8,0
3452.2,0
3452.6,0
3453,0
3453.4,0
3453.8,0
3454.2,0
3454.6,0
3455,0
3455.4,0
3455.8,0
3456.2,0
3456.6,0
3457,0
3457.4,0
3457.8,0
3458.2,0
3458.6,0
3459,0
3459.4,0
3459.8,0
3460.2,0
3460.6,0
3461,0
3461.4,0
3461.8,0
3462.2,0
3462.6,0
3463,0
3463.4,0
3463.8,0
3464.2,0
3464.6,0
3465,0
3465.4,0
3465.8,0
3466.2,0
3466.6,0
3467,0
3467.4,0
3467.8,0
3468.2,0
3468.6,0
3469,0
3469.4,0
3469.8,0
3470.2,0
3470.6,0
3471,0
3471.4,0
3471.8,0
3472.2,0
3472.6,0
3473,0
3473.4,0
3473.8,0
3474.2,0
3474.6,0
3475,0
3475.4,0
3475.8,0
3476.2,0
3476.6,0
3477,0
3477.4,0
3477.8,0
3478.2,0
3478.6,0
3479,0
3479.4,0
3479.8,0
3480.2,0
3480.6,0
3481,0
3481.4,0
3481.8,0
3482.2,0
3482.6,0
3483,0
3483.4,0
3483.8,0
3484.2,0
3484.6,0
3485,0
3485.4,0
3485.8,0
3486.2,0
3486.6,0
3487,0
3487.4,0
3487.8,0
3488.2,0
3488.6,0
3489,0
3489.4,0
3489.8,0
3490.2,0
3490.6,0
3491,0
3491.4,0
3491.8,0
3492.2,0
3492.6,0
3493,0
3493.4,0
3493.8,0
3494.2,0
3494.6,0
3495,0
3495.4,0
3495.8,0
3496.2,0
3496.6,0
3497,0
3497.4,0
3497.8,0
3498.2,0
3498.6,0
3499,0
3499.4,0
3499.8,0
3500.2,0
3500.6,0
3501,0
3501.4,0
3501.8,0
3502.2,0
3502.6,0
3503,0
3503.4,0
3503.8,0
3504.2,0
3504.6,0
3505,0
3505.4,0
3505.8,0
3506.2,0
3506.6,0
3507,0
3507.4,0
3507.8,0
3508.2,0
3508.6,0
3509,0
3509.4,0
3509.8,0
3510.2,0
3510.6,0
3511,0
3511.4,0
3511.8,0
3512.2,0
3512.6,0
3513,0
3513.4,0
3513.8,0
3514.2,0
3514.6,0
3515,0
3515.4,0
3515.8,0
3516.2,0
3516.6,0
3517,0
3517.4,0
3517.8,0
3518.2,0
3518.6,0
3519,0
3519.4,0
3519.8,0
3520.2,0
3520.6,0
3521,0
3521.4,0
3521.8,0
3522.2,0
3522.6,0
3523,0
3523.4,0
3523.8,0
3524.2,0
3524.6,0
3525,0
3525.4,0
3525.8,0
3526.2,0
3526.6,0
3527,0
3527.4,0
3527.8,0
3528.2,0
3528.6,0
3529,0
3529.4,0
3529.8,0
3530.2,0
3530.6,0
3531,0
3531.4,0
3531.8,0
3532.2,0
3532.6,0
3533,0
3533.4,0
3533.8,0
3534.2,0
3534.6,0
3535,0
3535.4,0
3535.8,0
3536.2,0
3536.6,0
3537,0
3537.4,0
3537.8,0
3538.2,0
3538.6,0
3539,0
3539.4,0
3539.8,0
3540.2,0
3540.6,0
3541,0
3541.4,0
3541.8,0
3542.2,0
3542.6,0
3543,0
3543.4,0
3543.8,0
3544.2,0
3544.6,0
3545,0
3545.4,0
3545.8,0
3546.2,0
3546.6,0
3547,0
3547.4,0
3547.8,0
3548.2,0
3548.6,0
3549,0
3549.4,0
3549.8,0
3550.2,0
3550.6,0
3551,0
3551.4,0
3551.8,0
3552.2,0
3552.6,0
3553,0
3553.4,0
3553.8,0
3554.2,0
3554.6,0
3555,0
3555.4,0
3555.8,0
3556.2,0
3556.6,0
3557,0
3557.4,0
3557.8,0
3558.2,0
3558.6,0
3559,0
3559.4,0
3559.8,0
3560.2,0
3560.6,0
3561,0
3561.4,0
3561.8,0
3562.2,0
3562.6,0
3563,0
3563.4,0
3563.8,0
3564.2,0
3564.6,0
3565,0
3565.4,0
3565.8,0
3566.2,0
3566.6,0
3567,0
3567.4,0
3567.8,0
3568.2,0
3568.6,0
3569,0
3569.4,0
3569.8,0
3570.2,0
3570.6,0
3571,0
3571.4,0
3571.8,0
3572.2,0
3572.6,0
3573,0
3573.4,0
3573.8,0
3574.2,0
3574.6,0
3575,0
3575.4,0
3575.8,0
3576.2,0
3576.6,0
3577,0
3577.4,0
3577.8,0
3578.2,0
3578.6,0
3579,0
3579.4,0
3579.8,0
3580.2,0
3580.6,0
3581,0
3581.4,0
3581.8,0
3582.2,0
3582.6,0
3583,0
3583.4,0
3583.8,0
3584.2,0
3584.6,0
3585,0
3585.4,0
3585.8,0
3586.2,0
3586.6,0
3587,0
3587.4,0
3587.8,0
3588.2,0
3588.6,0
3589,0
3589.4,0
3589.8,0
3590.2,0
3590.6,0
3591,0
3591.4,0
3591.8,0
3592.2,0
3592.6,0
3593,0
3593.4,0
3593.8,0
3594.2,0
3594.6,0
3595,0
3595.4,0
3595.8,0
3596.2,0
3596.6,0
3597,0
3597.4,0
3597.8,0
3598.2,0
3598.6,0
3599,0
3599.4,0
3599.8,0
3600.2,0
3600.6,0
3601,0
3601.4,0
3601.8,0
3602.2,0
3602.6,0
3603,0
3603.4,0
3603.8,0
3604.2,0
3604.6,0
3605,0
3605.4,0
3605.8,0
3606.2,0
3606.6,0
3607,0
3607.4,0
3607.8,0
3608.2,0
3608.6,0
3609,0
3609.4,0
3609.8,0
3610.2,0
3610.6,0
3611,0
3611.4,0
3611.8,0
3612.2,0
3612.6,0
3613,0
3613.4,0
3613.8,0
3614.2,0
3614.6,0
3615,0
3615.4,0
3615.8,0
3616.2,0
3616.6,0
3617,0
3617.4,0
3617.8,0
3618.2,0
3618.6,0
3619,0
3619.4,0
3619.8,0
3620.2,0
3620.6,0
3621,0
3621.4,0
3621.8,0
3622.2,0
3622.6,0
3623,0
3623.4,0
3623.8,0
3624.2,0
3624.6,0
3625,0
3625.4,0
3625.8,0
3626.2,0
3626.6,0
3627,0
3627.4,0
3627.8,0
3628.2,0
3628.6,0
3629,0
3629.4,0
3629.8,0
3630.2,0
3630.6,0
3631,0
3631.4,0
3631.8,0
3632.2,0
3632.6,0
3633,0
3633.4,0
3633.8,0
3634.2,0
3634.6,0
3635,0
3635.4,0
3635.8,0
3636.2,0
3636.6,0
3637,0
3637.4,0
3637.8,0
3638.2,0
3638.6,0
3639,0
3639.4,0
3639.8,0
3640.2,0
3640.6,0
3641,0
3641.4,0
3641.8,0
3642.2,0
3642.6,0
3643,0
3643.4,0
3643.8,0
3644.2,0
3644.6,0
3645,0
3645.4,0
3645.8,0
3646.2,0
3646.6,0
3647,0
3647.4,0
3647.8,0
3648.2,0
3648.6,0
3649,0
3649.4,0
3649.8,0
3650.2,0
3650.6,0
3651,0
3651.4,0
3651.8,0
3652.2,0
3652.6,0
3653,0
3653.4,0
3653.8,0
3654.2,0
3654.6,0
3655,0
3655.4,0
3655.8,0
3656.2,0
3656.6,0
3657,0
3657.4,0
3657.8,0
3658.2,0
3658.6,0
3659,0
3659.4,0
3659.8,0
3660.2,0
3660.6,0
3661,0
3661.4,0
3661.8,0
3662.2,0
3662.6,0
3663,0
3663.4,0
3663.8,0
3664.2,0
3664.6,0
3665,0
3665.4,0
3665.8,0
3666.2,0
3666.6,0
3667,0
3667.4,0
3667.8,0
3668.2,0
3668.6,0
3669,0
3669.4,0
3669.8,0
3670.2,0
3670.6,0
3671,0
3671.4,0
3671.8,0
3672.2,0
3672.6,0
3673,0
3673.4,0
3673.8,0
3674.2,0
3674.6,0
3675,0
3675.4,0
3675.8,0
3676.2,0
3676.6,0
3677,0
3677.4,0
3677.8,0
3678.2,0
3678.6,0
3679,0
3679.4,0
3679.8,0
3680.2,0
3680.6,0
3681,0
3681.4,0
3681.8,0
3682.2,0
3682.6,0
3683,0
3683.4,0
3683.8,0
3684.2,0
3684.6,0
3685,0
3685.4,0
3685.8,0
3686.2,0
3686.6,0
3687,0
3687.4,0
3687.8,0
3688.2,0
3688.6,0
3689,0
3689.4,0
3689.8,0
3690.2,0
3690.6,0
3691,0
3691.4,0
3691.8,0
3692.2,0
3692.6,0
3693,0
3693.4,0
3693.8,0
3694.2,0
3694.6,0
3695,0
3695.4,0
3695.8,0
3696.2,0
3696.6,0
3697,0
3697.4,0
3697.8,0
3698.2,0
3698.6,0
3699,0
3699.4,0
3699.8,0
3700.2,0
3700.6,0
3701,0
3701.4,0
3701.8,0
3702.2,0
3702.6,0
3703,0
3703.4,0
3703.8,0
3704.2,0
3704.6,0
3705,0
3705.4,0
3705.8,0
3706.2,0
3706.6,0
3707,0
3707.4,0
3707.8,0
3708.2,0
3708.6,0
3709,0
3709.4,0
3709.8,0
3710.2,0
3710.6,0
3711,0
3711.4,0
3711.8,0
3712.2,0
3712.6,0
3713,0
3713.4,0
3713.8,0
3714.2,0
3714.6,0
3715,0
3715.4,0
3715.8,0
3716.2,0
3716.6,0
3717,0
3717.4,0
3717.8,0
3718.2,0
3718.6,0
3719,0
3719.4,0
3719.8,0
3720.2,0
3720.6,0
3721,0
3721.4,0
3721.8,0
3722.2,0
3722.6,0
3723,0
3723.4,0
3723.8,0
3724.2,0
3724.6,0
3725,0
3725.4,0
3725.8,0
3726.2,0
3726.6,0
3727,0
3727.4,0
3727.8,0
3728.2,0
3728.6,0
3729,0
3729.4,0
3729.8,0
3730.2,0
3730.6,0
3731,0
3731.4,0
3731.8,0
3732.2,0
3732.6,0
3733,0
3733.4,0
3733.8,0
3734.2,0
3734.6,0
3735,0
3735.4,0
3735.8,0
3736.2,0
3736.6,0
3737,0
3737.4,0
3737.8,0
3738.2,0
3738.6,0
3739,0
3739.4,0
3739.8,0
3740.2,0
3740.6,0
3741,0
3741.4,0
3741.8,0
3742.2,0
3742.6,0
3743,0
3743.4,0
3743.8,0
3744.2,0
3744.6,0
3745,0
3745.4,0
3745.8,0
3746.2,0
3746.6,0
3747,0
3747.4,0
3747.8,0
3748.2,0
3748.6,0
3749,0
3749.4,0
3749.8,0
3750.2,0
3750.6,0
3751,0
3751.4,0
3751.8,0
3752.2,0
3752.6,0
3753,0
3753.4,0
3753.8,0
3754.2,0
3754.6,0
3755,0
3755.4,0
3755.8,0
3756.2,0
3756.6,0
3757,0
3757.4,0
3757.8,0
3758.2,0
3758.6,0
3759,0
3759.4,0
3759.8,0
3760.2,0
3760.6,0
3761,0
3761.4,0
3761.8,0
3762.2,0
3762.6,0
3763,0
3763.4,0
3763.8,0
3764.2,0
3764.6,0
3765,0
3765.4,0
3765.8,0
3766.2,0
3766.6,0
3767,0
3767.4,0
3767.8,0
3768.2,0
3768.6,0
3769,0
3769.4,0
3769.8,0
3770.2,0
3770.6,0
3771,0
3771.4,0
3771.8,0
3772.2,0
3772.6,0
3773,0
3773.4,0
3773.8,0
3774.2,0
3774.6,0
3775,0
3775.4,0
3775.8,0
3776.2,0
3776.6,0
3777,0
3777.4,0
3777.8,0
3778.2,0
3778.6,0
3779,0
3779.4,0
3779.8,0
3780.2,0
3780.6,0
3781,0
3781.4,0
3781.8,0
3782.2,0
3782.6,0
3783,0
3783.4,0
3783.8,0
3784.2,0
3784.6,0
3785,0
3785.4,0
3785.8,0
3786.2,0
3786.6,0
3787,0
3787.4,0
3787.8,0
3788.2,0
3788.6,0
3789,0
3789.4,0
3789.8,0
3790.2,0
3790.6,0
3791,0
3791.4,0
3791.8,0
3792.2,0
3792.6,0
3793,0
3793.4,0
3793.8,0
3794.2,0
3794.6,0
3795,0
3795.4,0
3795.8,0
3796.2,0
3796.6,0
3797,0
3797.4,0
3797.8,0
3798.2,0
3798.6,0
3799,0
3799.4,0
3799.8,0
3800.2,0
3800.6,0
3801,0
3801.4,0
3801.8,0
3802.2,0
3802.6,0
3803,0
3803.4,0
3803.8,0
3804.2,0
3804.6,0
3805,0
3805.4,0
3805.8,0
3806.2,0
3806.6,0
3807,0
3807.4,0
3807.8,0
3808.2,0
3808.6,0
3809,0
3809.4,0
3809.8,0
3810.2,0
3810.6,0
3811,0
3811.4,0
3811.8,0
3812.2,0
3812.6,0
3813,0
3813.4,0
3813.8,0
3814.2,0
3814.6,0
3815,0
3815.4,0
3815.8,0
3816.2,0
3816.6,0
3817,0
3817.4,0
3817.8,0
3818.2,0
3818.6,0
3819,0
3819.4,0
3819.8,0
3820.2,0
3820.6,0
3821,0
3821.4,0
3821.8,0
3822.2,0
3822.6,0
3823,0
3823.4,0
3823.8,0
3824.2,0
3824.6,0
3825,0
3825.4,0
3825.8,0
3826.2,0
3826.6,0
3827,0
3827.4,0
3827.8,0
3828.2,0
3828.6,0
3829,0
3829.4,0
3829.8,0
3830.2,0
3830.6,0
3831,0
3831.4,0
3831.8,0
3832.2,0
3832.6,0
3833,0
3833.4,0
3833.8,0
3834.2,0
3834.6,0
3835,0
3835.4,0
3835.8,0
3836.2,0
3836.6,0
3837,0
3837.4,0
3837.8,0
3838.2,0
3838.6,0
3839,0
3839.4,0
3839.8,0
3840.2,0
3840.6,0
3841,0
3841.4,0
3841.8,0
3842.2,0
3842.6,0
3843,0
3843.4,0
3843.8,0
3844.2,0
3844.6,0
3845,0
3845.4,0
3845.8,0
3846.2,0
3846.6,0
3847,0
3847.4,0
3847.8,0
3848.2,0
3848.6,0
3849,0
3849.4,0
3849.8,0
3850.2,0
3850.6,0
3851,0
3851.4,0
3851.8,0
3852.2,0
3852.6,0
3853,0
3853.4,0
3853.8,0
3854.2,0
3854.6,0
3855,0
3855.4,0
3855.8,0
3856.2,0
3856.6,0
3857,0
3857.4,0
3857.8,0
3858.2,0
3858.6,0
3859,0
3859.4,0
3859.8,0
3860.2,0
3860.6,0
3861,0
3861.4,0
3861.8,0
3862.2,0
3862.6,0
3863,0
3863.4,0
3863.8,0
3864.2,0
3864.6,0
3865,0
3865.4,0
3865.8,0
3866.2,0
3866.6,0
3867,0
3867.4,0
3867.8,0
3868.2,0
3868.6,0
3869,0
3869.4,0
3869.8,0
3870.2,0
3870.6,0
3871,0
3871.4,0
3871.8,0
3872.2,0
3872.6,0
3873,0
3873.4,0
3873.8,0
3874.2,0
3874.6,0
3875,0
3875.4,0
3875.8,0
3876.2,0
3876.6,0
3877,0
3877.4,0
3877.8,0
3878.2,0
3878.6,0
3879,0
3879.4,0
3879.8,0
3880.2,0
3880.6,0
3881,0
3881.4,0
3881.8,0
3882.2,0
3882.6,0
3883,0
3883.4,0
3883.8,0
3884.2,0
3884.6,0
3885,0
3885.4,0
3885.8,0
3886.2,0
3886.6,0
3887,0
3887.4,0
3887.8,0
3888.2,0
3888.6,0
3889,0
3889.4,0
3889.8,0
3890.2,0
3890.6,0
3891,0
3891.4,0
3891.8,0
3892.2,0
3892.6,0
3893,0
3893.4,0
3893.8,0
3894.2,0
3894.6,0
3895,0
3895.4,0
3895.8,0
3896.2,0
3896.6,0
3897,0
3897.4,0
3897.8,0
3898.2,0
3898.6,0
3899,0
3899.4,0
3899.8,0
3900.2,0
3900.6,0
3901,0
3901.4,0
3901.8,0
3902.2,0
3902.6,0
3903,0
3903.4,0
3903.8,0
3904.2,0
3904.6,0
3905,0
3905.4,0
3905.8,0
3906.2,0
3906.6,0
3907,0
3907.4,0
3907.8,0
3908.2,0
3908.6,0
3909,0
3909.4,0
3909.8,0
3910.2,0
3910.6,0
3911,0
3911.4,0
3911.8,0
3912.2,0
3912.6,0
3913,0
3913.4,0
3913.8,0
3914.2,0
3914.6,0
3915,0
3915.4,0
3915.8,0
3916.2,0
3916.6,0
3917,0
3917.4,0
3917.8,0
3918.2,0
3918.6,0
3919,0
3919.4,0
3919.8,0
3920.2,0
3920.6,0
3921,0
3921.4,0
3921.8,0
3922.2,0
3922.6,0
3923,0
3923.4,0
3923.8,0
3924.2,0
3924.6,0
3925,0
3925.4,0
3925.8,0
3926.2,0
3926.6,0
3927,0
3927.4,0
3927.8,0
3928.2,0
3928.6,0
3929,0
3929.4,0
3929.8,0
3930.2,0
3930.6,0
3931,0
3931.4,0
3931.8,0
3932.2,0
3932.6,0
3933,0
3933.4,0
3933.8,0
3934.2,0
3934.6,0
3935,0
3935.4,0
3935.8,0
3936.2,0
3936.6,0
3937,0
3937.4,0
3937.8,0
3938.2,0
3938.6,0
3939,0
3939.4,0
3939.8,0
3940.2,0
3940.6,0
3941,0
3941.4,0
3941.8,0
3942.2,0
3942.6,0
3943,0
3943.4,0
3943.8,0
3944.2,0
3944.6,0
3945,0
3945.4,0
3945.8,0
3946.2,0
3946.6,0
3947,0
3947.4,0
3947.8,0
3948.2,0
3948.6,0
3949,0
3949.4,0
3949.8,0
3950.2,0
3950.6,0
3951,0
3951.4,0
3951.8,0
3952.2,0
3952.6,0
3953,0
3953.4,0
3953.8,0
3954.2,0
3954.6,0
3955,0
3955.4,0
3955.8,0
3956.2,0
3956.6,0
3957,0
3957.4,0
3957.8,0
3958.2,0
3958.6,0
3959,0
3959.4,0
3959.8,0
3960.2,0
3960.6,0
3961,0
3961.4,0
3961.8,0
3962.2,0
3962.6,0
3963,0
3963.4,0
3963.8,0
3964.2,0
3964.6,0
3965,0
3965.4,0
3965.8,0
3966.2,0
3966.6,0
3967,0
3967.4,0
3967.8,0
3968.2,0
3968.6,0
3969,0
3969.4,0
3969.8,0
3970.2,0
3970.6,0
3971,0
3971.4,0
3971.8,0
3972.2,0
3972.6,0
3973,0
3973.4,0
3973.8,0
3974.2,0
3974.6,0
3975,0
3975.4,0
3975.8,0
3976.2,0
3976.6,0
3977,0
3977.4,0
3977.8,0
3978.2,0
3978.6,0
3979,0
3979.4,0
3979.8,0
3980.2,0
3980.6,0
3981,0
3981.4,0
3981.8,0
3982.2,0
3982.6,0
3983,0
3983.4,0
3983.8,0
3984.2,0
3984.6,0
3985,0
3985.4,0
3985.8,0
3986.2,0
3986.6,0
3987,0
3987.4,0
3987.8,0
3988.2,0
3988.6,0
3989,0
3989.4,0
3989.8,0
3990.2,0
3990.6,0
3991,0
3991.4,0
3991.8,0
3992.2,0
3992.6,0
3993,0
3993.4,0
3993.8,0
3994.2,0
3994.6,0
3995,0
3995.4,0
3995.8,0
3996.2,0
3996.6,0
3997,0
3997.4,0
3997.8,0
3998.2,0
3998.6,0
3999,0
3999.4,0
3999.8,0
